t,eye_vert_0,eye_horiz_0,eye_vert_1,eye_horiz_1
0.0,-1.6552482254768117,-1.0123001205328819,-1.650012149655936,6.0142754884941665
0.0019329999340698123,-1.6425779951788058,-0.9915572329535728,-1.6373495170200096,6.0049959680092995
0.004638999933376908,6.349702651064471,3.8550054640945337,6.350098726445994,4.047546881695021
0.0066009999718517065,2.8381815573042073,0.007685338197452601,2.8441955350561883,4.051816642787505
0.009259499842301011,1.483123657591184,-0.07770043553373941,1.4883571614460556,4.060543859204221
0.01266449992544949,-5.1244596847345285,-2.42249616206239,-5.123844088529766,1.3049916386248215
0.016050499863922596,-4.603293076118037,-2.68764497502732,-4.602512425630959,0.41075503427738863
0.01803649985231459,1.5553891259903947,-0.7757668617955243,1.560748074453333,3.4244358737752796
0.02057799999602139,0.8469830674256086,-1.1098444436490114,0.8522440049039853,3.4292793999651052
0.024619999923743308,-3.8353107109748112,-2.269285126897393,-3.8345875998084766,-0.36595921964229966
0.02802599989809096,-3.0227994516383068,2.4024015500971294,-3.0159510793487736,15.332258438734668
0.030024999985471368,-4.184642679610944,2.290021796883223,-4.180324307058849,15.35541394193145
0.03214449994266033,-4.601618789351994,2.4693810518722796,-4.598124578379265,15.92184290018261
0.03414799994789064,-4.196275038529495,2.2297683101194816,-4.191754432377829,15.962103043933093
0.03799749992322177,-1.6277418693001213,3.516452346202107,-1.6183054112773747,15.74713166810449
0.039856999879702926,-1.989925356856452,3.5770905684561214,-1.981144154733188,15.94660695263787
0.043934499844908714,-2.0062233951476727,3.4979450098488094,-1.9976190550130501,15.680450714382262
0.04604799998924136,-2.2030406971646315,3.4932088722433505,-2.1948471610657205,15.677966896914478
0.047986999968998134,-2.3470122679707464,3.4628564235053285,-2.3391712866171543,15.57430191376777
0.05015899986028671,-2.2441023773130406,3.6892266048331614,-2.2362232161255284,15.532094644015306
0.052163499873131514,-2.2147607100696236,3.604316459800553,-2.2069682655405685,15.242967650264792
0.05591299990192056,-2.0701259375559657,3.7337790672548063,-2.0621493543037945,15.219242768832906
0.05992599995806813,-2.125205585449811,3.7302229148105255,-2.117344253707078,15.206608110392173
0.06197849987074733,-2.053557551892408,3.8374340739596904,-2.045642814033444,15.186172455178255
0.06456599989905953,-2.0047927682210918,3.7350178403365617,-1.9969719801664225,14.83231111738373
0.06855949992313981,-2.0248821825028385,3.757305039499468,-2.017118506510071,14.827334982700654
0.07190799992531538,2.488868649675851,1.3487820423483108,2.49592385649559,6.267176803827085
0.07386949984356761,2.4781583979309874,1.316632027316399,2.485270322454181,6.280679945367414
0.07588449981994927,0.6316251822737738,-0.18399966096357534,0.6327067993640538,0.7797953831158372
0.07788949995301664,0.44008605299117765,-0.24107370308961332,0.44123484315214684,0.812289095304528
0.07995849987491965,1.0244046588653362,-1.0068891108371272,1.0248430747344326,-0.6376816073702147
0.08400499995332211,1.0443651131625202,-1.0069421929583113,1.0447472394352686,-0.6860321394929033
0.0880519999191165,1.0988977155119832,-1.8753990939541998,1.1003252836543775,-0.6860606049708716
0.09005399991292506,-1.2246244629216123,-1.8710296297080102,-1.2232032044408652,-0.12694536482760824
0.09212049993220717,-1.5326764209749923,-1.8710468307350305,-1.530976398849244,0.3553862143263191
0.09416249999776483,-1.5385789414969577,-2.126091105151615,-1.5366863527024426,0.35539159852200913
0.09809799992945045,-1.7227098325502157,-2.1261959707855964,-1.720949069354571,0.279131398556624
0.09996749996207654,-1.7087826485002298,-1.9695326029266211,-1.7071315029234424,0.27911877682838954
0.10397499985992908,-1.6591600916821254,-1.6489242356425813,-1.657728694236457,0.2790733974894902
0.10592349991202354,-1.6568304263248497,-1.648923286271643,-1.6555390622351291,0.08950758182345254
0.10794349992647767,-1.5674574550535187,-1.4831590574231348,-1.5662659752777717,0.08943020878530061
0.11194999993313104,-1.6429779990060907,-1.483185118028473,-1.6418366513611837,0.048649750179891975
0.1159779999870807,-1.6511473177367386,-1.5849011927919587,-1.6499323413096663,0.04865675638823006
0.11801349988672882,-1.6808602829658408,-1.5849155065431446,-1.6797190543274134,-0.040258952183124364
0.11997899995185435,-2.057146449057416,-1.5851959760689893,-2.056085751716754,-0.016445523639088386
0.12195949989836663,-2.287488358618999,-1.6313028307191795,-2.2864583290202827,-0.01626010409298805
0.12599049997515976,-3.0864219489332236,-1.6325525223471933,-3.085727510446437,-0.2563685005641994
0.12797099992167205,-3.738421114077262,-1.5629499356939658,-3.7379037097005994,-0.2560435077507762
0.13194099999964237,-4.498145255692952,-1.3313676788086952,-4.497855644247183,-0.2559272676341523
0.1340230000205338,-5.003385177803212,-1.3323568178055187,-5.003176464154895,-0.20548895708207418
0.13611499988473952,-5.660930965690544,-1.3929712176990987,-5.660840782736088,-0.20556667340389684
0.1380899999057874,-6.178425166785353,-1.3943503110383242,-6.178439980523869,0.10353890799852196
0.14000049990136176,-6.6745233369682735,-1.443188797374265,-6.674665675781413,0.1036352774135999
0.14444549987092614,-7.184711320660378,-1.444918608892956,-7.1850116056031075,0.2584241189365546
0.14842949993908405,-7.578275819916353,-1.7886267044417787,-7.578769591257624,0.25858388879531846
0.1502474999288097,-7.850716079763606,-1.7899126197955262,-7.851445878642363,0.7617785189867882
0.15225549996830523,-8.00034649959228,-1.9890693221668192,-8.001201046126537,0.7620066230205526
0.1559304998954758,-8.045688529349082,-1.9893169027211042,-8.046651657087429,1.0387397812397923
0.16002999991178513,-7.933498878912671,-2.367229633784341,-7.934519558434872,1.038496497462197
0.16206449992023408,-7.969195171498569,-2.3674615189868087,-7.970319823609386,1.3131481450459286
0.1639994999859482,-7.986065020637418,-2.3675719086153917,-7.987191007741216,1.2842801614617834
0.16596199991181493,-7.933915514921279,-2.3736869542460624,-7.935012000264592,1.2841390716393093
0.16995199990924448,-7.994324694740164,-2.3740873937145905,-7.995453566043565,1.2710636812639122
0.17202599998563528,-7.988322000360564,-2.3963970710115303,-7.989454171939978,1.2710477137083058
0.17589549999684095,-8.074236501404352,-2.44087858876479,-8.073060337421795,1.2709160426559698
0.1778484999667853,-8.28604967315798,-2.442231639051082,-8.284956431066638,1.3679770706700602
0.17984999995678663,-8.412079453417265,-2.4430751642584414,-8.41104694483599,1.3935816434296866
0.18185399984940886,-8.47270527682905,-2.219236743730334,-8.471763986648094,1.3938026199939608
0.18589999992400408,-8.689108710920548,-2.2206114824242915,-8.68833561639294,1.1409890534213838
0.1879394999705255,-8.73471955018291,-1.9805911735506203,-8.734021785018818,1.141129561597994
0.19192499993368983,-8.808500962701894,-1.8805951699159922,-8.807856966890617,1.1413585150871504
0.19390449987258762,-8.787284778687903,-1.8804783223156953,-8.78666291357741,0.9972425300500112
0.19793199992273003,-8.811831809714556,-1.880613574260899,-8.811235261149102,0.9248878690237065
0.19994600000791252,-8.804386304220813,-1.697255998423407,-8.80382603756022,0.9248686711831056
0.20400199992582202,-8.71862749722206,-1.560120821499639,-8.718066560366326,0.9246476205140468
0.2059769998304546,-8.677028070699846,-1.5599317524452405,-8.676459383795722,0.8953557889187814
0.20797099987976253,-8.641824304076172,-1.5597734572720714,-8.641264064694576,0.8082729379455313
0.2098859999096021,-8.600769990821705,-1.4422002375531722,-8.600224577918345,0.8081791693343042
0.21393799991346896,-8.575968434070127,-1.4420982003196192,-8.575426792857137,0.7609110950857534
0.2317364999325946,-8.477659115279732,-1.431150596950737,-8.477050325961734,0.9126962010202145
0.2358009999152273,-8.445083652744866,-1.431021421586604,-8.444490297998513,0.8136654663593136
0.24698850000277162,-8.440566943655131,-1.434086932374723,-8.439957962909688,0.8641640123306433
0.24826699995901436,-8.441109274429959,-1.471956550802258,-8.440490429537443,0.8641652921525396
0.25138099992182106,-8.483170985325092,-1.5400256576153781,-8.482548343715491,0.8642666069525767
0.25341599993407726,-8.472674248163722,-1.5023441634938484,-8.47205787302796,0.8642412943711271
0.2552544998470694,-8.320169022375437,-1.501726189484134,-8.319489016260308,0.90976703597044
0.2572169998893514,-8.28619112072361,-1.7006849965129445,-8.28544244995912,0.9096815000040085
0.25992349989246577,-8.220847838340575,-1.7003933299445928,-8.220096374990998,0.8379921401772958
0.2639534999616444,-8.228671172581723,-1.6058321630497874,-8.227950426224927,0.8380105326421822
0.2659579999744892,-8.129673551735358,-1.6054263689266335,-8.128859633316084,1.0293208428911438
0.2679719999432564,-8.114951925965105,-1.5495942089095895,-8.114149916598627,1.0292798928230913
0.27001199987716973,-8.13341145621879,-1.5496661718984426,-8.13267703812088,0.8318654821917392
0.2720279998611659,-8.14168444840894,-1.5978363010987444,-8.140937997558035,0.8318846934058785
0.27599649992771447,-8.098193108893485,-1.5976618667047495,-8.097417738284863,0.8766740425906394
0.27994999988004565,-8.059052195723451,-1.5719878015763773,-8.058271357082425,0.8765791117781508
0.28194899996742606,-7.978659572108163,-1.5716771649434182,-7.977881490412176,0.7842558017538446
0.28402549983002245,-7.929177629607159,-1.572205997731974,-7.928382916551731,0.7841467765502497
0.288001999957487,-7.917109105292673,-1.5721600580035702,-7.916366449983777,0.6187431361259623
0.29196499986574054,-7.997575775787633,-1.6919040783376318,-7.99681874476531,0.6188901215266311
0.2939875000156462,-7.969504729045493,-1.6917892546836282,-7.968746995682201,0.5934500891922244
0.29605249990709126,-7.99540427959417,-1.6918951583100104,-7.994648122695818,0.6140685094707685
0.2980694998987019,-7.932343252417719,-1.65102053888658,-7.931580345669413,0.613953929333567
0.3001774998847395,-7.925104403834674,-1.6712593278022387,-7.924332337857295,0.6139407858470048
0.30410849989857525,-7.884461812625548,-1.6710957218944387,-7.883644192051187,0.7084489672319667
0.3079364998266101,-7.95154337908896,-1.7872105197980916,-7.950709459060142,0.7085852854249329
0.30992499995045364,-8.039012905042124,-1.7875916542947459,-8.038197185921259,0.7476051695052728
0.31200799997895956,-7.957737888914862,-1.6108993091146993,-7.9569520239927645,0.7474328306415877
0.3140564998611808,-7.964768020595837,-1.6109271526746607,-7.964029201615753,0.6128516738811124
0.31803049985319376,-7.972120291449901,-1.610956340151375,-7.971370598156046,0.6526416027550777
0.3201929999049753,-7.969449476053975,-1.7686127854354543,-7.968646601829269,0.6526364287380365
0.3239639999810606,-7.964745370369283,-1.8573565673190147,-7.96391136916666,0.6526274366588991
0.3259159999433905,-7.972325530296805,-1.8573916313668828,-7.971474618956682,0.7117830516998849
0.3299644999206066,-8.045945185981378,-1.8577364846091282,-8.045128409906978,0.6884192680004461
0.33188999991398305,-8.090484997016736,-1.848836197117222,-8.089687032036057,0.6885076322500566
0.33591649984009564,-8.004731797383537,-1.7730328613954678,-8.003927902262628,0.6883378149075979
0.33791849995031953,-8.072327513352043,-1.77334093945597,-8.071555468447324,0.6617809682969088
0.3401129998965189,-8.076416512371036,-1.8349814248635776,-8.07562634432422,0.6617887655287341
0.3420990000013262,-8.112684732911719,-1.8351554288447158,-8.11192856435018,0.5935279295806315
0.346151499892585,-8.106953084718628,-1.835127805140897,-8.106153871102817,0.7251623646737342
0.34796199994161725,-8.104933785953232,-1.917811526244976,-8.104107978113124,0.7251581556228396
0.35197349986992776,-8.080253966429552,-1.7937043481315484,-8.079458206075843,0.72510749758381
0.35390299989376217,-8.108560578197544,-1.7914905068752494,-8.101242964344017,0.6916397114096196
0.3559249999234453,-8.15125470196859,-1.8201003964705855,-8.143859496705973,0.6918358147228175
0.35792899993248284,-8.153364302226997,-1.8201047361762157,-8.14586258610714,0.7281387999548264
0.36007849988527596,-8.127265294359043,-1.708576365822081,-8.12008816318827,0.7280180355048568
0.3641844999510795,-8.038592318189146,-1.7084256685607702,-8.031899418647207,0.5590730545365348
0.3680719998665154,-8.067110779322011,-1.6777356130068743,-8.0605125521712,0.559196292287799
0.3699484998360276,-8.228282636363732,-1.6780028121378106,-8.221790237016283,0.5313509679458038
0.37391199986450374,-8.21344600899206,-1.6779769605867207,-8.206898848018042,0.549239619688843
0.3759269998408854,-8.185202829178813,-1.5893046672291322,-8.1789127129694,0.5491196551595745
0.3799109999090433,-8.214275024063165,-1.6863339067474705,-8.207703395303477,0.5492430711094157
0.3819394998718053,-8.10985570197296,-1.686156758207088,-8.103312390216718,0.5343587048294526
0.38388899993151426,-8.122396046049811,-1.6861773643642142,-8.115885454501404,0.5238794057053997
0.3861329999053851,-8.047516360385217,-1.5822958729044325,-8.04130210934428,0.5235643720051336
0.3902169999200851,-8.086161292844338,-1.5823495042194542,-8.07970329731772,0.6080864284597025
0.3919314998202026,-8.15828491920384,-1.6192963331327892,-8.15172802326203,0.6084041969719571
0.3959574999753386,-8.138608088943645,-1.6626457025336947,-8.131920688406439,0.6083166700291086
0.3978564999997616,-8.077947478667426,-1.662548918256535,-8.071136791467165,0.6470138439608408
0.3999244999140501,-8.112253334697368,-1.6626031354378532,-8.105233592070032,0.7197600442207702
0.4019324998371303,-8.12703142851821,-1.564979516339067,-8.120301659788748,0.719830369803998
0.4059044999303296,-8.355793456503092,-1.5653128285503874,-8.35014991989431,0.36099413233185257
0.4078889999072999,-8.536187661478744,-1.370344366017236,-8.531135216920898,0.36169603726053795
0.4119459999492392,-8.922389701552198,-1.6208645128889663,-8.916654957422761,0.36320371268325313
0.4140509999124333,-9.51547818361712,-1.6220965481857461,-9.510580615919391,0.09708815615219182
0.41803299984894693,-9.980229577007135,-1.6233397656290152,-9.9767232441044,-0.3781932939824291
0.41995599982328713,-10.48543633350994,-2.010614289434514,-10.480895040193092,-0.3772205892751527
0.42199549986980855,-10.905915556435728,-2.2634770416730507,-10.90072584385457,-0.37647817447184195
0.42597299988847226,-11.281949329417975,-2.356772620752283,-11.276555303640253,-0.3758657907393673
0.4279214998241514,-11.660696068879918,-2.358990202476543,-11.655141689114407,-0.29814370552854397
0.42992199992295355,-12.038259508140571,-2.36143116324355,-12.032736164754404,-0.2907110200972768
0.433960999827832,-12.228362064611245,-2.362747603605552,-12.222287985838175,-0.07334093533881951
0.4360634998884052,-12.512156609458803,-2.4843531140482566,-12.505808387171408,-0.07260896883854914
0.44004599982872605,-12.73411517831141,-2.8939503684485204,-12.72673219053404,-0.0720474826294235
0.4419864999363199,-12.867637108985988,-2.8952081295676604,-12.859493324208787,0.2296644857119288
0.4440084998495877,-12.761715361729781,-2.894207478771738,-12.752721739326983,0.5465208504938687
0.4459054998587817,-12.82473016005657,-3.073385412324234,-12.815283419087676,0.5468238056570262
0.447976499912329,-12.768303393533488,-3.123657104796289,-12.758710384895185,0.5465498105611026
0.4520824998617172,-12.725198537506625,-3.123215320985237,-12.7156129693977,0.5396252042469469
0.456034499919042,-12.665949146347872,-3.163261641344966,-12.656242883684609,0.5393400548297904
0.4579609999200329,-12.75812325020403,-3.1642262340777014,-12.748334256419032,0.5797985865440913
0.46031499991659075,-12.784494992210258,-2.989447117555917,-12.775170690996354,0.5799314575854152
0.464283499866724,-12.73688896092658,-2.988981235219137,-12.728095905404759,0.3723182347284216
0.46588049991987646,-12.858103976499255,-2.939366476259625,-12.849469686780747,0.3728266869463547
0.46990549995098263,-12.960468127276354,-2.910169300330028,-12.951934165379361,0.3732573586505528
0.4719269999768585,-12.98568350831145,-2.9104074229224643,-12.977215948914145,0.34982633677683184
0.4739554999396205,-13.054725794520568,-2.9110658780581593,-13.046674520399547,0.19497166675845912
0.4759264999302104,-13.078030065756282,-2.8984402895672132,-13.070016783924425,0.19505390252758031
0.4799089999869466,-13.093784036543044,-2.898591034353234,-13.085767769989065,0.1974713112755973
0.48396549990866333,-13.107937976658546,-2.595736167098388,-13.100710010425006,0.1975241003388319
0.4859474999830127,-13.04994325090526,-2.5952574875186807,-13.042464075385237,0.2902819569537248
0.4880174999125302,-13.04292616245889,-2.5951999759764153,-13.035529118263055,0.25805453996512906
0.49007349996827543,-13.069819414620817,-2.65832229746727,-13.06226408021813,0.25815527186883697
0.49207649985328317,-12.975083147980198,-2.4201390223954795,-12.968127643730366,0.2578007487904497
0.4960104998899624,-13.039810963257844,-2.420625061643337,-13.03275982365383,0.2992390569812074
0.5000454998807982,-13.10562690951978,-2.322860689919857,-13.098841848487911,0.2994985264647344
0.5020939998794347,-13.147783234738531,-2.323163601715719,-13.141349150572639,0.166534985861499
0.5061059999279678,-13.020713202376907,-2.322259220479185,-13.014022507615676,0.2572559903439509
0.5081464998656884,-13.015852303648227,-2.3855304003730424,-13.008996358484048,0.25723707438996696
0.5100044999271631,-12.996721715529072,-2.3806749892739423,-12.989874785182716,0.2571651219973154
0.5140154999680817,-13.060223330101646,-2.4993996991998686,-13.053080295761545,0.2574030287468671
0.5160029998514801,-13.202880595719677,-2.500523620991358,-13.195486922361777,0.3649201714358599
0.517966500017792,-13.308120079341286,-2.5013752242286635,-13.300558676056461,0.4381307828280616
0.5199839998967946,-13.273849803365017,-2.5347152961089723,-13.266195225526507,0.43797705450375163
0.5240059999050573,-13.21739609749071,-2.5342480421720746,-13.20964140506948,0.4723798874272908
0.5279769998742267,-13.261812713282191,-2.4320130332295187,-13.25433128232274,0.47258580173916026
0.529961499851197,-13.26920143025997,-2.432070636151524,-13.261789423225117,0.4461855716352225
0.5319604999385774,-13.213752919554606,-2.421765833235439,-13.206356164668582,0.44593590938191363
0.5339984998572618,-13.151856716280985,-2.421288950546848,-13.14450505017024,0.42378972220523775
0.5360764998476952,-13.22507129587011,-2.507169119502318,-13.217512682415677,0.4241122471898306
0.5400029999436811,-13.260331713119934,-2.5074530108015995,-13.25273115583709,0.4431392453183948
0.5438800000119954,-13.17171019738373,-2.607940413558256,-13.163831051884738,0.44273997019508254
0.5459274998866022,-13.206829619757315,-2.6082403546228434,-13.198579217225792,0.5895246303920433
0.5479409999679774,-13.195024142485003,-2.5281700365857507,-13.186978047796304,0.5894660311339646
0.551942499820143,-13.090543941841059,-2.527319952281563,-13.082981509903806,0.3939400252540442
0.5539634998422116,-13.16307119114359,-2.6519736872363384,-13.155201318235939,0.3942503615867547
0.5580879999324679,-13.045574794374716,-2.606951831226669,-13.037796246958003,0.3937462274441874
0.5601774998940527,-13.05560261550439,-2.6070359680418065,-13.047153572452704,0.6533882186335024
0.562096499837935,-13.055825016642713,-2.6070378361033804,-13.047579745223455,0.574740426121873
0.566004499909468,-13.005330856104326,-2.606615981346342,-12.997771205805174,0.30619965590334824
0.5681029999395832,-13.056171747206063,-2.558130163049711,-13.048748539804983,0.3064010939285337
0.5719694999279454,-13.038676860892831,-2.4792144476920592,-13.031454987514493,0.3063327340323654
0.5739724999293685,-12.974267239026757,-2.478717278435312,-12.96670905880466,0.4311853597198716
0.5760229998268187,-12.8603710743796,-2.4778554455502473,-12.852635661147968,0.4905581378858934
0.5779979999642819,-12.864829784021605,-2.689651283499644,-12.856542516651565,0.4905763412230919
0.5819469999987632,-12.903164309545847,-2.689972278085724,-12.894861433520363,0.49976327693895073
0.5839324998669326,-12.93627306402157,-2.6705536325974597,-12.928028283534104,0.4999191379909614
0.5879074998665601,-12.801513194736023,-2.7332539794390494,-12.793074094982462,0.4992863638819763
0.5899399998597801,-12.810076356734834,-2.73332755367293,-12.80141073091748,0.5868422001930337
0.5939564999425784,-12.781715477566571,-2.733084402407403,-12.773585881339129,0.3790712770138059
0.5959649998694658,-12.706040413587383,-2.5040343193219505,-12.698494630134638,0.3787548486331713
0.5979579999111593,-12.784388550338308,-2.3420115240475927,-12.777282526641011,0.3790868731382243
0.599926499882713,-12.851620427092552,-2.3424817390538446,-12.844395557874249,0.4294839268409151
0.6039029998937622,-12.734360417655147,-2.6404619723095797,-12.726332069947492,0.4289641939125103
0.605880499817431,-12.689839856602198,-2.6400950336356295,-12.681843556923358,0.413188525374695
0.6100859998259693,-12.686590854242935,-2.640068395518883,-12.678921509599373,0.2880319928428758
0.612104999832809,-12.757767937476522,-2.5233726299372328,-12.750418952996597,0.2883086869217476
0.6161394999362528,-12.810238601641805,-2.604582940365672,-12.802687835965111,0.288511196032556
0.6179834998911247,-12.879782083924637,-2.6051473139880725,-12.872515257665112,0.1846579153408715
0.6200369999278337,-12.830501732951342,-2.6047464927429185,-12.822596215659837,0.4261075472323933
0.6220079999184236,-12.800552745367321,-2.7296679655623106,-12.792314086589158,0.42597440450666446
0.624028499936685,-12.771929723089416,-2.7779039504027483,-12.763558368333088,0.4258481079213671
0.6280299999052659,-12.81231154417596,-2.778260992886951,-12.803975136570074,0.4158019046400872
0.6322894999757409,-12.809424676531314,-2.9781241623639563,-12.800564862115166,0.415787061561783
0.6344289998523891,-12.943244668292346,-2.979441742623016,-12.93460135955048,0.3442394403175573
0.6381999999284744,-12.81986028947052,-2.978225606670837,-12.811125724402226,0.3686740172606979
0.6399329998530447,-12.828147984109858,-2.9938796852234937,-12.819374474450182,0.3687084620802998
0.6419289999175817,-12.851122445161046,-3.039097557233642,-12.842236309425195,0.36880397117770886
0.6441789998207241,-12.86486178865339,-3.0392349520046085,-12.85600501286083,0.35873944955876813
0.6482024998404086,-13.012374151021502,-3.144493531857354,-13.003279544658486,0.3593506126388043
0.6499964999966323,-13.148342126249306,-3.145935302007368,-13.139512827644717,0.26905402939848516
0.653974499902688,-13.045868434864962,-3.1448450345297516,-13.036940068418943,0.2982358844653615
0.6559259998612106,-12.98530892485966,-3.127891607943073,-12.976409666307012,0.2979986061743572
0.6599519998999313,-12.970627643525475,-3.2474345708256243,-12.96141335054528,0.29793986460304117
0.662004999932833,-13.030921250361853,-3.2480992006264,-13.022012257041588,0.18567751413441452
0.6641539998818189,-13.094667338042356,-3.2680803431493994,-13.085722337821556,0.1858997420960204
0.6663604999193922,-13.084903638589767,-3.267971323835153,-13.075686293797496,0.29026434701856973
0.6682544999057427,-13.035733892890738,-3.1155292206857435,-13.026900274372442,0.29007457667561243
0.67204499989748,-12.987398420816865,-3.1150237066922997,-12.979018687050617,0.11093128656784004
0.6759364998433739,-13.034779080542604,-3.1936179800501234,-13.026206081459225,0.11108225409137895
0.6778739999281242,-13.153074985147764,-3.1949034679997546,-13.144456680201468,0.1387069876732762
0.6800619999412447,-13.250440441280489,-3.2312164809296378,-13.241751898097133,0.13902859965697392
0.6823149998672307,-13.238268881578826,-3.231080884055143,-13.229318828179542,0.23946664862893202
0.684223499847576,-13.253761256210343,-3.2002694936255054,-13.244894715032144,0.23952426210137784
0.6880669998936355,-13.24256110564388,-3.200146466718208,-13.23409835541483,0.08177625691207498
0.6920799999497831,-13.2300402957598,-3.0739990227788403,-13.221900663691137,0.08173870755279716
0.6941039998782799,-13.241694562805439,-3.0741207801203916,-13.233669357888735,0.038272810781312006
0.6960644999053329,-13.318592381441945,-3.0072706022545033,-13.310756969794236,0.03849672644006317
0.7000044998712838,-13.372756541299973,-3.0078248790095996,-13.36490935453904,0.04737610096817327
0.7040164999198169,-13.328568515589355,-3.1544940171168308,-13.320333453276483,0.04724508735000493
0.7059904999332502,-13.311885914872274,-3.154312191568534,-13.303931968216961,-0.06348635661775169
0.7080454998649657,-13.36308872115121,-3.154872152453989,-13.354851687758632,0.05088011955420853
0.7100394999142736,-13.422700816031318,-3.0341855101229385,-13.414787961714781,0.05105713181720919
0.7121219999389723,-13.585251684356487,-2.869763877018958,-13.577795987720668,0.05153707625898946
0.7161559999221936,-13.594771098300363,-2.8698569572660624,-13.587498995659084,-0.0197445040325013
0.7201064999680966,-13.568074054747665,-3.0036896230679404,-13.560453956760366,-0.01981611641859892
0.7220954999793321,-13.599067642133429,-3.004011869871123,-13.591240047682478,0.06400315636846893
0.7241929998854175,-13.67797086438779,-3.1248390118429907,-13.669852775721179,0.06423810264258775
0.7264909998048097,-13.65916328043991,-3.124633305892383,-13.651300868633802,-0.03781766880400922
0.7282804998103529,-13.648645307383967,-3.1124911196612803,-13.640811509653668,-0.0378445782518801
0.731934999814257,-13.710130101865573,-3.1131631200920116,-13.701963888399554,0.09794942372999228
0.735978499869816,-13.72403494019103,-3.256323998241788,-13.715507221521587,0.09799175646113487
0.7379819998750463,-13.673125578088507,-3.2557352401937187,-13.664820800297228,0.005848283327963563
0.740172499907203,-13.632369044712409,-2.93607780659377,-13.624871055790583,0.00573855277036205
0.744128999998793,-13.574550035870303,-2.9354960787666617,-13.567079737673396,-0.009577448129535869
0.7478949999203905,-13.601417399503184,-2.949362308593472,-13.593917420428378,-0.009505420396088177
0.7498864999506623,-13.675320466924804,-2.9501115717821182,-13.668027908760116,-0.0853446281237071
0.7519014999270439,-13.791432662291319,-3.0288025633692515,-13.783964595762297,-0.08507090905519517
0.7539564999751747,-13.78009772136785,-3.0286829947566316,-13.772626990499036,-0.08489826431441187
0.7559954999014735,-13.74535218226412,-3.0825529583904636,-13.737736766598639,-0.08498041970231904
0.7599749999353662,-13.718983200677611,-3.08226970737422,-13.711205765162669,-0.023269746591227266
0.7640324998646975,-13.70561294495871,-3.145363630679579,-13.697671670576877,-0.023305144649425253
0.7660864999052137,-13.73364294212409,-3.145672426848295,-13.725453637224744,0.07668550376259292
0.7680159999290481,-13.73712218220681,-3.1894571493106803,-13.72882218321191,0.07669571901071713
0.7704244998749346,-13.664060082669243,-3.188641941479258,-13.65559786593801,0.1341654534981733
0.77245599986054,-13.753863099417826,-3.092087450970418,-13.745668530057813,0.13445992532670406
0.7759214999387041,-13.71469337364803,-3.091671237843905,-13.706550716977551,0.11067240506800663
0.7799029999878258,-13.652264441805672,-3.0770014689446272,-13.64414459811702,0.11047466597984198
0.7819309998303652,-13.670478165451355,-3.077193410633118,-13.662425686459022,0.08552801171063881
0.7859689998440444,-13.684998993540393,-3.077346934087271,-13.677208908267072,-0.016454424527278435
0.7880004998296499,-13.724664027622135,-3.213660068480623,-13.716535582376205,-0.016350697070094122
0.7920684998389333,-13.675430871404112,-2.987802245185694,-13.667867053021391,-0.016479092880005194
0.7940209999214858,-13.744067104433274,-2.9885073262318707,-13.736373734843214,0.039942483635058215
0.7960679999087006,-13.655398317888627,-2.9875982693323833,-13.648250736358158,-0.1816036253200528
0.7980274999281392,-13.593835609875846,-3.170504254796727,-13.586207514199732,-0.18172518245522173
0.8019994999049231,-13.607264955071505,-3.170651402420228,-13.599595171802827,-0.16432387312937857
0.8041324999649078,-13.59877065893295,-3.180545150129949,-13.591073684775326,-0.16434125175557796
0.8079619999043643,-13.635130695376631,-3.1658951269470865,-13.627479258952278,-0.16426711836123165
0.8099469998851418,-13.562568650625698,-3.1651060637481425,-13.554706455017529,-0.08734568045606804
0.8119934999849647,-13.558000249746788,-3.1650567647946346,-13.550038520436406,-0.04871488374300609
0.8139835000038147,-13.602641965288882,-3.0405277907401467,-13.59500886836965,-0.04860210366213106
0.8159974999725819,-13.567699444430929,-3.145187460786133,-13.559790798512868,-0.04869040121901436
0.8200094999046996,-13.592713701763058,-3.145455845094251,-13.585174454969415,-0.191543425695771
0.8240124998847023,-13.627551764715914,-3.1233759505868464,-13.62007655101679,-0.19147668859937278
0.8259624999482185,-13.612838721034903,-3.123219288521708,-13.60504467757568,-0.06747801705822096
0.8299544998444617,-13.59316952411486,-3.1230105729901987,-13.585704416408262,-0.19806588476701675
0.831913499860093,-13.523627334636702,-3.1865171576759077,-13.515984411361579,-0.19819755855913596
0.8360450000036508,-13.545852552010139,-3.2027385538983024,-13.538172990568631,-0.19815552544899595
0.8381139999255538,-13.57645383429064,-3.203073927466299,-13.568295693122499,-0.008153743305508434
0.840057999943383,-13.564177844930542,-3.2029391444219315,-13.555687420700362,0.12103276604256982
0.8419604999944568,-13.491810246727113,-3.1334858130231296,-13.48348042166557,0.1208004705482
0.8460309999063611,-13.438251919011368,-3.1329175127002666,-13.430410024319443,-0.07426836767411478
0.8480219999328256,-13.39539955702438,-3.2479159492067406,-13.387252151878396,-0.07437285601620994
0.852041999809444,-13.390483348357346,-3.250356932368201,-13.382328514333441,-0.07438479566622207
0.8540849998826161,-13.433065756594386,-3.2508293199586973,-13.424855982171799,-0.04942746963382828
0.8560779999243096,-13.435804581770467,-3.115869540641653,-13.427942277735305,-0.049419669931982
0.8581214998848736,-13.393188424980144,-3.115421078174629,-13.38554046674765,-0.13639049364008582
0.8601109998999164,-13.420761784650859,-3.0965440862878757,-13.413168396631265,-0.13633055590642162
0.86400349996984,-13.479224189423844,-3.097155680576788,-13.471442912731142,-0.05839065552361456
0.8680324999149889,-13.403010186939223,-3.1557443983672795,-13.395061220210588,-0.05858099247024564
0.8700279998593032,-13.475589419199093,-3.156531636536975,-13.467491783463293,0.005370609905823664
0.8740294999442995,-13.406299041940192,-3.1557798267766586,-13.398108058024931,0.03608384934775823
0.8759494998957962,-13.374220112886126,-3.123423658080194,-13.36610493509336,0.03599161565263148
0.8799464998301119,-13.381578887021975,-3.0886530725407315,-13.373554892592164,0.03601309490074953
0.8819669999647886,-13.466025434736803,-3.089546364580272,-13.458560595294117,-0.175587862545159
0.883996499935165,-13.428608856369198,-2.980581012029667,-13.421415976598253,-0.17566346166358776
0.8860484999604523,-13.328964006545378,-2.9795750808827197,-13.322041485170358,-0.2880759000219281
0.8880439999047667,-13.365811240727902,-3.0689586093010424,-13.35866595014187,-0.2880179270613926
0.8920224999310449,-13.430028487800575,-3.0696291440413432,-13.423011564113938,-0.33353507724955156
0.896053500007838,-13.50506103268656,-3.1221147679297765,-13.497924772056026,-0.33343153723485275
0.8980169999413192,-13.546689259923692,-3.122563557640535,-13.539641553605392,-0.3651282392206856
0.900069999974221,-13.518597653718855,-3.1821833020152464,-13.511391353588175,-0.3651634322012335
0.9022209999384359,-13.577225841770048,-3.1828366696168686,-13.569529766672447,-0.16892001789537123
0.9041669999714941,-13.556359682594541,-3.0760105781073177,-13.548932479251953,-0.16896224484319236
0.9080169999506325,-13.519048873277724,-3.0756112171026095,-13.512005570774113,-0.3220113555737736
0.9119984998833388,-13.526280569611728,-2.998674595982812,-13.519435872296352,-0.32200071887127285
0.9139534998685122,-13.612602824897477,-2.9995741309681647,-13.6054411491531,-0.19164984214629646
0.9159854999743402,-13.646436814101532,-3.1996748477383465,-13.638771217694735,-0.19158467452926803
0.9200599999167025,-13.615318190157337,-3.199321581672471,-13.608175145013554,-0.3990934638132295
0.9239999998826534,-13.652772230648113,-3.203526504459667,-13.64562628415133,-0.39905231309935574
0.9259224999696016,-13.610561290834825,-3.2030498454048355,-13.603520628403343,-0.4434041878063859
0.9280439999420196,-13.632562257259215,-3.259041541605488,-13.625383074139444,-0.4433843890481993
0.9300545000005513,-13.712125211750848,-3.2599627103208895,-13.70451162465628,-0.2666528295309717
0.934078999911435,-13.698129990899828,-3.2597996582441806,-13.690881589279119,-0.4114116269282703
0.9360119998455048,-13.768472995532447,-3.2922869351724118,-13.76115692023717,-0.41133997545541623
0.9399604998761788,-13.733138370202981,-3.218342141472592,-13.726003050195771,-0.4113755834725129
0.9419704999309033,-13.838607139684362,-3.219562531250779,-13.831149451246347,-0.27636524507692317
0.9439234999008477,-13.841144829103616,-3.132365396218454,-13.833909092652416,-0.2763608906244555
0.946009999839589,-13.820937260863833,-3.1321374875432335,-13.81397564707741,-0.38610628959202037
0.9480509998975322,-13.858720911039603,-3.2602371071830873,-13.85144197920978,-0.38606445452605936
0.9518974998500198,-13.888421786635309,-3.2605893101086587,-13.880979621931772,-0.31926616393885515
0.9560214998200536,-13.883076229490436,-3.165565697702135,-13.875873870686286,-0.31927325412627655
0.9581139999208972,-13.824551875320433,-3.1648981906801636,-13.817938730599788,-0.5562834297415152
0.9620964999776334,-13.871634255450418,-3.165434612845816,-13.864270550101446,-0.25631093845571634
0.9640275000128895,-13.840861402497952,-2.988231067378706,-13.833940866112908,-0.2563611461604023
0.9680384999373928,-13.836515529995681,-3.019342979907549,-13.829515133420802,-0.25636849402199063
0.9700064999051392,-13.879087707007756,-3.0198043874757805,-13.872084209873613,-0.25207230126100877
0.9719609998865053,-13.869539241922302,-3.019700572937152,-13.862248131530256,-0.13902170866299826
0.9740174999460578,-13.816653609067437,-3.0642284681863488,-13.80923811336728,-0.13913577830370782
0.9779954999685287,-13.826857964605486,-3.064341424422591,-13.819565447495092,-0.18692566709542682
0.9798924999777228,-13.738959183543852,-2.834138788030806,-13.732233939207058,-0.1870978441814158
0.9839384999359027,-13.70094958577833,-2.9415674483692893,-13.693943156372946,-0.1871739001552002
0.9859189998824149,-13.825418039748048,-2.942893320905606,-13.818422356383925,-0.18248162704734514
0.9879729999229312,-13.798664824219573,-2.9426056997079324,-13.79193775560249,-0.2904059826266704
0.9900774998823181,-13.877339576720907,-2.8924651692554977,-13.87075513762146,-0.29028269903789466
0.9940739998128265,-13.843999548783032,-2.8921161953224592,-13.836925344703573,-0.09899850696996916
0.9960919998120517,-13.743837002409988,-2.818725777724886,-13.7369289414104,-0.09923253565306658
0.9999704998917878,-13.74471273450445,-2.976307948411143,-13.737403806123371,-0.09923142008763586
1.0019204998388886,-13.711166253782062,-2.9759464889274154,-13.703701119521016,-0.040265463842181694
1.0059724999591708,-13.728795259271664,-2.9761361532908976,-13.72129300576876,-0.02429358885385684
1.0080039999447763,-13.701951496443467,-2.951683172250892,-13.694505739807804,-0.02436461218831421
1.0119649998378009,-13.78060819543951,-3.0899643419582636,-13.772827731704465,-0.02415721231444872
1.0139839998446405,-13.890338379168838,-3.0912159537196264,-13.882337872592018,0.0717634145474798
1.015928499866277,-13.878702712407003,-3.0910820267562618,-13.870713206210707,0.06644077201090699
1.0180399999953806,-13.74565934682128,-2.9831755715950634,-13.737913676250608,0.06604032719864554
1.0220104998443276,-13.775681284524447,-2.9835067531254347,-13.768298488531197,-0.07465677369661672
1.0238479998661205,-13.76653715087454,-3.039964891653604,-13.75900877234267,-0.07467966115583978
1.0278529999777675,-13.804456064555596,-2.9188562807564713,-13.79724369493778,-0.07458554987253958
1.0299114999361336,-13.754715374540416,-2.918323171099709,-13.747336237192906,-0.012554027706593902
1.0318779998924583,-13.749305043713465,-2.9182654834203188,-13.741673991219175,0.08630071583535814
1.0338824999053031,-13.69637907763272,-3.024561743697635,-13.688465440159387,0.08613579132053692
1.0379359999205917,-13.70386047238032,-3.0246451233345293,-13.695835202783732,0.13067413738568479
1.0401624999940395,-13.789333040268035,-3.071182651660175,-13.781209187921643,0.1309538013044905
1.0439359999727458,-13.746877534232732,-3.059328461958885,-13.738773903844454,0.1308148211073713
1.045945999911055,-13.708290328017808,-3.0588935215406363,-13.700591585746482,-0.03176853985445542
1.0479904999956489,-13.47966886144739,-3.0854710013816096,-13.471851113806412,-0.032373467818987624
1.052094499929808,-13.330634100494647,-3.0838041211240466,-13.322483192139364,0.08559904267498858
1.0560739999637008,-12.999658281061244,-2.7739686764297073,-12.99223718101536,0.08456886424451832
1.0580074999015778,-12.561700779107083,-2.769926098592439,-12.55268155427672,0.6613056001165901
1.060349499923177,-12.177496817452031,-2.218296481033271,-12.169852720775003,0.6593348922663674
1.062415499938652,-11.88567033587711,-2.2164594103867175,-11.875729772521309,1.4955278606243503
1.0663554999046028,-11.591243021266907,-2.2147377932716545,-11.580353121668763,1.8189609637640332
1.0680049998918548,-11.236892247373364,-1.8296854581282072,-11.226956834089794,1.8158542454388134
1.0719549999339506,-11.030571673831746,-1.514619158478017,-11.021450294356255,1.8141070253529745
1.0739739999407902,-10.777598854746216,-1.5139027160832526,-10.76780301374543,2.0369780897278105
1.0759814998600632,-10.603818124017675,-1.6047435550674862,-10.593730095171301,2.035419036432219
1.0779724998865277,-10.481011119367766,-1.60438068131088,-10.470449545786336,2.1943513281669618
1.0804069999139756,-10.514512837293134,-1.7977920543844337,-10.503421906132422,2.1946590179761256
1.0844724999042228,-10.478035986544038,-1.7976626041318329,-10.467182894636364,2.105571457964923
1.0880969999125227,-10.51128397610749,-1.9528640463240643,-10.500007827546732,2.1058705469211896
1.0907384998863563,-10.612723125222281,-1.9532841392675604,-10.602185868824764,1.8497160813994944
1.0928244998212904,-10.790477844669413,-1.9795662084451933,-10.779912751619664,1.851222459708466
1.0961329998681322,-10.75238643707222,-1.9794031724230432,-10.742565575485227,1.5781302163341617
1.1000934998737648,-10.682305180178759,-2.06527573017697,-10.67223002062806,1.5775883248810703
1.1020774999633431,-10.56736327841506,-2.0647610658642708,-10.557541058410951,1.4760617824967863
1.1040429999120533,-10.64445364655257,-2.0651041780239594,-10.63399294690013,1.7133540873223094
1.1061319999862462,-10.677738990509821,-2.133072753931782,-10.66709840023953,1.713622124510738
1.110154999885708,-10.657252165965659,-2.1329758236843586,-10.647004490472568,1.5697612793851008
1.1120289999525994,-10.616314471014277,-2.129743676406985,-10.606065682118654,1.5694477468531896
1.1160274998983368,-10.600727317663933,-2.1484969596530856,-10.59042265393517,1.5693283310465227
1.1180014999117702,-10.654718191643532,-2.1487566552554225,-10.644639470310608,1.4927013789791355
1.1201289999298751,-10.728559697226098,-2.1491187745778255,-10.718465040606025,1.5051403608630283
1.1222219999181107,-10.799082135454768,-2.229624393091828,-10.788782410360847,1.505665469011153
1.1244619998615235,-10.800733990275203,-2.369083617191046,-10.790049593652068,1.5056749698396668
1.1283199999015778,-10.847162893237678,-2.36935241256175,-10.836705738665302,1.4276480109765899
1.1319749999092892,-10.892844754975568,-2.3512190202187706,-10.88244921971409,1.4279810364869132
1.1340169999748468,-10.918282688674426,-2.3513661054628785,-10.908671650881873,1.1450148651576477
1.1359714998397976,-10.925452361877733,-2.3527860114715575,-10.915839108921256,1.1450609717260458
1.139960499946028,-10.902429083761906,-2.3526527217128885,-10.89245155415071,1.2755253079218147
1.1439989998470992,-10.881815027860105,-2.2394539565393576,-10.872144358882442,1.2753866427190441
1.1459679999388754,-10.911229493618777,-2.2396122579367743,-10.901469043871202,1.3106076172083798
1.148219499969855,-10.911005928322524,-2.368091921763022,-10.900891689102798,1.3106036163170443
1.1502484998200089,-11.012955833839431,-2.368699100130257,-11.00296649118787,1.274386067904027
1.1542659999104217,-10.987513439950144,-2.368546003579458,-10.976956000301692,1.4790895468704257
1.155934999929741,-10.97591651022327,-2.1570322055908244,-10.96593738680058,1.4790075396643756
1.1601849999278784,-10.950736680104681,-2.2463220232301433,-10.940505876234237,1.47881864287152
1.1622749998932704,-10.998957984997395,-2.2465911553604676,-10.988893162924812,1.4228100063318583
1.1642634999006987,-10.977352575155653,-2.2464701296033294,-10.966895071039835,1.5638674432271567
1.1661574998870492,-10.918957568650187,-2.119243883785063,-10.908835288523337,1.563423229761475
1.1681169999064878,-10.891662766630516,-1.961422930117899,-10.881968347117756,1.5632186670456834
1.1719189998693764,-10.887379860372729,-1.961403564657645,-10.877606647309362,1.5914709320078717
1.1759284998988733,-10.875720152434829,-1.931246888488488,-10.866027246555113,1.5913819878515696
1.1779974999371916,-10.796447685151687,-1.930901773267214,-10.786877637146358,1.539854615028634
1.1819974998943508,-10.823613308198139,-1.9310190939203742,-10.814009655695024,1.5544056133411173
1.1839339998550713,-10.892554216083832,-1.8891183499360906,-10.87642300937362,1.5526913855982791
1.1879604998975992,-10.943695960155983,-1.8805560202866443,-10.927608553853462,1.5531823907450206
1.1899159998865798,-10.975276285142499,-1.8806228681250043,-10.960184035092892,1.3415247319833092
1.191910999827087,-10.8783313974488,-1.880421451432159,-10.862790079299476,1.435245181932566
1.1941319999750704,-10.825176354058618,-1.848495689577937,-10.809781227049244,1.4347557924831345
1.198173000011593,-10.920868319204903,-1.8486831700193873,-10.90597016040126,1.3308043368807825
1.1999579998664558,-10.92565962295945,-1.9332266106721387,-10.910365318476238,1.3308434541521432
1.2039789999835193,-10.918656413327755,-1.8413148836143713,-10.903792661893291,1.3307849629257176
1.205947499955073,-10.903160436738634,-1.8412842154383473,-10.8886858205154,1.2474476745006635
1.207978499820456,-10.889411973799035,-1.841257241411251,-10.875340526388154,1.1611642761039278
1.209955499973148,-10.874241140080192,-1.8911505349774753,-10.859934702096394,1.161035197175222
1.2138735000044107,-10.836660980396985,-1.8910710472421997,-10.82160839563979,1.3193958040332145
1.2160639999201521,-10.939918362527486,-1.7579663754997537,-10.925496733141593,1.3203194255025172
1.2199034999357536,-10.925274271499852,-1.8816678525387565,-10.910271684822172,1.3201835090662628
1.2220249999081716,-10.900951518351643,-1.8816181349082102,-10.885369839381367,1.443196583751605
1.2260204999474809,-10.941275766570389,-1.881700947115008,-10.92584346008722,1.4122111001520206
1.2279989998787642,-10.981062334714132,-2.000052913255961,-10.965077941012048,1.4125728508140702
1.2299699999857694,-10.974350520664505,-2.0317296951373445,-10.95821712210839,1.4125094942426195
1.23397699999623,-10.94238953792899,-2.0490966462070914,-10.926172338562694,1.4122141268231636
1.2360649998299778,-10.973231170688981,-2.049180315480418,-10.957522732896129,1.3043222981111995
1.2379589999327436,-10.960900343631279,-2.0491467147904587,-10.94525864139417,1.2898139476984471
1.239979499951005,-11.057881483478484,-2.0405025647966553,-11.042287291186499,1.2906744518994815
1.2439819999272004,-11.062387512764001,-2.0405146803904644,-11.046046496620214,1.4502626667513066
1.2479339998681098,-11.03880885650582,-2.1117376726645394,-11.022132265165629,1.4500379962500713
1.2498879998456687,-11.080810246798872,-2.1118629371404523,-11.065240856439424,1.2145145418540886
1.2519279998959973,-11.148781504642573,-1.987919381603639,-11.133797515578438,1.2151096274351636
1.254067000001669,-11.127680629185727,-1.9878658398258402,-11.112309495744848,1.2973917168358984
1.256081499857828,-11.128957841677405,-1.9238536760255869,-11.113886559018503,1.2974058556740722
1.2600074999500066,-11.133998208692754,-1.923865219240556,-11.118442802291925,1.4009590752150582
1.2640244999201968,-11.152069889160066,-1.9633242184598738,-11.136331018016447,1.4011254354079274
1.2660314999520779,-11.227724212936648,-1.9635123645954082,-11.211660327292535,1.472308348123638
1.268106999923475,-11.172571972185343,-2.0004638442070815,-11.15633099715523,1.4717821756627265
1.2720534999389201,-11.192403716287323,-2.0005170944972424,-11.176100863922542,1.485463097324824
1.2738899998366833,-11.240512742451898,-1.918564170192391,-11.224597010884212,1.4859262523037926
1.2780304999323562,-11.26868294378805,-1.8738548133187867,-11.252978418155777,1.4861983222740613
1.2800239999778569,-11.229857785074474,-1.8737694660114754,-11.214985082295112,1.3074562970321435
1.2821700000204146,-11.22068095014661,-1.8737495561971915,-11.20582704796615,1.303239920917868
1.2842104999581352,-11.22778644740202,-2.049041378886378,-11.21211275282126,1.303296616494422
1.2880599999334663,-11.255856261168589,-2.0491210209682493,-11.240720855374832,1.1887833330934952
1.2920159999048337,-11.223625067621642,-2.085765175907684,-11.208315840618456,1.1885031195215299
1.2940719998441637,-11.286996886384655,-2.0859575059678,-11.271195003475793,1.295249271045649
1.296098499908112,-11.27852296382235,-2.0859314787618795,-11.262092157107869,1.429589012905452
1.2980109999189153,-11.22524701683015,-1.9482216164992254,-11.20945651085588,1.4290955646468377
1.3000789999496192,-11.317616134494328,-2.0774775483829897,-11.301227937260661,1.4299575144962764
1.3040329999057576,-11.353511315036144,-2.077587314194567,-11.337478023120982,1.3548346288896815
1.3079679999500513,-11.339898871038292,-2.033120534395584,-11.324072461526223,1.3547114309879862
1.3099564999574795,-11.384776614332717,-2.033252536013644,-11.368675273098948,1.4145732051376156
1.3140509999357164,-11.355733497692677,-2.0331668113836994,-11.339609565036737,1.418742681721599
1.31614699983038,-11.357382065233843,-1.8896801867402226,-11.341929055972994,1.4187644599054758
1.3180819998960942,-11.414772250883944,-1.8137211973184835,-11.39967828760943,1.419308225680981
1.322057499899529,-11.375723440235875,-1.8406117466088974,-11.360501087483337,1.4189390094858925
1.3240569999907166,-11.400409577497253,-1.8406663529762282,-11.38489183831839,1.4827255296804784
1.325961999827996,-11.421733212329544,-1.8407140981080294,-11.405571637347743,1.621052895311807
1.3299549999646842,-11.443648635168088,-1.8407637254734734,-11.427733884423555,1.568725213282402
1.3319269998464733,-11.400090393053455,-1.8341533667953354,-11.38420331244465,1.568295775514542
1.3359539998928085,-11.443132501676905,-1.950807892266697,-11.426703630069072,1.5687150280315556
1.3379744999110699,-11.450135192037067,-1.9508268465606757,-11.43327867996075,1.6604511241613926
1.3399374999571592,-11.377715318360528,-1.773879499289227,-11.36168004450726,1.6597250585148255
1.3420324999606237,-11.326452018238886,-1.7737771046613384,-11.310051580181808,1.7366218270146399
1.344018999952823,-11.304547793582675,-1.6561044669990324,-11.288695910580653,1.736401197209322
1.3479769999394193,-11.169429052934547,-1.6559091352260542,-11.154022795598562,1.6379847947870818
1.3519944999134168,-11.186621484290033,-1.6270004403004905,-11.171351647126267,1.6381583543231142
1.3539154999889433,-11.187760382637846,-1.6264573932985582,-11.169769349209117,1.8307605732624035
1.3558894998859614,-11.207400920659133,-1.7139203087128165,-11.188954369712988,1.8309747440972792
1.3599459999240935,-11.241837794573366,-1.713956146003068,-11.223766638622315,1.7591789103355835
1.3620205000042915,-11.249017997321126,-1.785417700255921,-11.230574766561476,1.7592534897007348
1.3660069999750704,-11.184246015043442,-1.8635038307378187,-11.165396581547348,1.758541694165613
1.3682154999114573,-11.165636623757129,-1.863473833143144,-11.146094415486406,1.8914040369006149
1.369969999883324,-11.191689215002013,-1.8635159392363267,-11.1718871125141,1.9415259709267716
1.3739249999634922,-11.209304536434416,-1.8635448468610907,-11.190295636878302,1.7893713393778568
1.3760834999848157,-11.187017294235444,-1.8604739094425458,-11.168024504083062,1.7891270918408215
1.3799114999128506,-11.211304254342508,-1.9447033840707406,-11.191872723770883,1.7893886573549531
1.3818884999491274,-11.12747955290305,-1.9445433975460247,-11.108337807974994,1.733063436531575
1.3838689998956397,-11.091151311081926,-1.9444766572119896,-11.071027030514568,1.9213852159780132
1.3858429999090731,-11.161395598365447,-1.8961486854889145,-11.141522624622407,1.9221910954783101
1.3899029998574406,-11.153842383253679,-1.8961363576678545,-11.134697118079647,1.782412079784175
1.3919494999572635,-11.1100468617904,-1.762702030188334,-11.091596826217279,1.7819375566487863
1.3959489999106154,-11.119548027542951,-1.8651264405382044,-11.100564479672117,1.782036109339159
1.3979724999517202,-11.108417121180878,-1.8651096746413396,-11.089086684353292,1.8485387384900078
1.4018989999312907,-11.137730789384868,-1.8651541315920248,-11.118397846392089,1.849266952896897
1.4039219999685884,-11.118577729674605,-1.8005871934630013,-11.099581189435206,1.849056301194672
1.4058574999216944,-11.102416783943303,-1.760629481685761,-11.083628469987678,1.848878046913804
1.4080024999566376,-11.07570150858817,-1.7605992935786443,-11.057084725780287,1.8157256260568844
1.412026499863714,-11.048969995819842,-1.7728100317238404,-11.030289832557283,1.8154297002016733
1.4139539999887347,-10.956314316549367,-1.7727071083040213,-10.937693054176213,1.8033640345265594
1.415923499967903,-10.921981349874372,-1.8093612890851758,-10.903169416565397,1.8029854227437148
1.419919499894604,-10.936475394388514,-1.8093787156252974,-10.91785892472035,1.7655930925433279
1.4239609998185188,-10.930777016103344,-1.7034288546511125,-10.91271263281392,1.765537362795631
1.4259209998417646,-10.96594250286242,-1.703458440059946,-10.948125818665376,1.7182827635926432
1.4281084998510778,-10.863107715885171,-1.7033755215614572,-10.845237269111117,1.727784494796926
1.4300654998514801,-10.862561845491923,-1.6510729930712613,-10.844963944170463,1.7277815681736375
1.432105999905616,-10.860109666785341,-1.729703995339123,-10.842102052832946,1.7277509295890694
1.4359924998134375,-10.841829033802599,-1.7296886639965454,-10.824202768267186,1.6544381279588491
1.4400099999038503,-10.787144788030577,-1.6953200286237093,-10.769698231074269,1.6538686119797448
1.4419639999978244,-10.89385313689007,-1.6954011335843389,-10.87645404829568,1.6455729338961864
1.4460004998836666,-10.83763888937464,-1.6953569473373045,-10.820020017249602,1.6873147102597703
1.4479404999874532,-10.853116686425425,-1.5329918026973246,-10.83634367360308,1.6874866272157212
1.4499189999187365,-10.870730825931984,-1.679624050146031,-10.853193581909114,1.6876643959530735
1.4539714999264106,-10.879803774029304,-1.6113246681674802,-10.862622302221707,1.687764007370594
1.4560204999288544,-10.915891862595663,-1.6113416144824162,-10.89890665532447,1.650384010431248
1.4579504998400807,-10.848680024096334,-1.6113110734665659,-10.832146932777762,1.563103110119234
1.4600184999872,-10.928735998468785,-1.674994930322421,-10.911870217275295,1.5639185417751418
1.4640154999215156,-10.875118004002125,-1.674961438015997,-10.858309468032244,1.5525245371111307
1.4679644999559969,-10.84362106915952,-1.535402300640126,-10.827540079464002,1.5522101914168325
1.4700134999584407,-10.821072072369589,-1.535400333929478,-10.804507201970168,1.644884959604421
1.471947499900125,-10.82696216211603,-1.4708750128830852,-10.810733417368537,1.6449502685361106
1.4741734999697655,-10.91301989488673,-1.470865094026141,-10.897443935640474,1.520349350922702
1.4761904999613762,-10.95757878810031,-1.5286343813108545,-10.941701354541557,1.5207977903179488
1.4799119998933747,-10.868720813670954,-1.5286262922392666,-10.852310326125643,1.622412322104153
1.4839979999233037,-10.876334099751311,-1.433037867588244,-10.86042149664382,1.6224972703202585
1.4860719998832792,-10.869926446599798,-1.4330397487410662,-10.855087154589423,1.416458283862206
1.4880039999261498,-10.857934062326978,-1.3327580297310584,-10.843617351185332,1.4163455648872492
1.4899100000038743,-10.919324976231731,-1.332719413657864,-10.904415741129826,1.530547370007844
1.4939289998728782,-10.845970200621405,-1.332765905680241,-10.830919111141686,1.5571916491493862
1.495935499900952,-10.863599652808515,-1.3984314533655129,-10.848206213902605,1.5573691869399768
1.5000049999216571,-10.789719447020355,-1.3689521601540189,-10.77448070919627,1.556614163011055
1.502119499957189,-10.749889063690487,-1.3689740954252578,-10.733478759499524,1.7810496249592485
1.504095499869436,-10.802939362451196,-1.5768886049769248,-10.785444825198466,1.7816173001873388
1.508026999887079,-10.863130586743566,-1.5769003649072129,-10.845562502411697,1.7962214248131494
1.512010999955237,-10.848676443486697,-1.6493448812562452,-10.830731063957996,1.7960583774547187
1.514126499881968,-10.924473591378836,-1.6493843157975006,-10.908495690539395,1.4190684009268542
1.5161144998855889,-11.221515688170824,-2.2626845521339773,-11.202341165929749,1.4219933970821554
1.5179639998823404,-11.515639580464864,-2.2635611325737344,-11.503416906490584,0.0869871891959438
1.5219644999597222,-12.127190833819645,-2.2862522089501534,-12.12701539293374,-2.252483264556781
1.5240044998936355,-12.552804271428588,-3.422825832835775,-12.54697684342476,-2.3005877787204128
1.5279419999569654,-13.222758051072342,-5.348884768247535,-13.20694617050386,-2.3027477937048833
1.5299369998974726,-13.852419489531197,-5.360188134803102,-13.850647844370261,-5.019163021834912
1.5318944999016821,-14.432239485313566,-7.349297948232274,-14.420168459072414,-5.027977879460977
1.5339554998790845,-15.16790474669626,-7.523947150331095,-15.166387089494489,-7.232409154078592
1.536007999908179,-15.842766539344623,-10.330054649097184,-15.828922623631334,-7.6831603987190125
1.5399904998485,-16.47146778209736,-10.359984441543219,-16.47097273091608,-10.265694576903808
1.5445304999593645,-17.13848603977925,-13.326991258115319,-17.122468156137593,-10.295403507960541
1.5465144999325275,-17.636863311265124,-13.360341902201865,-17.63408548503982,-12.837903977902258
1.550481499871239,-18.63722286619711,-14.274577872003452,-18.626697011317503,-12.284005281132872
1.5521574999438599,-18.952459632830514,-16.210685537671036,-18.948573139266287,-15.490805679072208
1.5559174999361858,-19.406417170103758,-18.938736196739583,-19.38779002762692,-15.526882131821184
1.55793749995064,-19.997763340065323,-19.002135906677754,-19.992292184555442,-18.009076690421423
1.9898174998816103,-43.50766119120732,-1.4694239305484975,-43.320542194723565,43.542790411323864
1.9938715000171214,-43.56607753736835,-1.4469736699860527,-43.379183957710595,43.56481768763704
2.2218744999263436,-28.46957504410065,-3.1642663486459988,-28.298716292334408,30.26326458823714
2.2239364999113604,-28.516411594327156,-3.124791034791073,-28.345731274644482,30.280950847119815
2.2280289998743683,-28.532844617640805,-3.0886837390540207,-28.362305883349514,30.291181118378834
2.2320624999701977,-28.37884177961376,-3.292309119082815,-28.209265169819595,29.92995351083121
2.234011000022292,-28.409240425057423,-3.2594929245506243,-28.23980614254096,29.942548001566486
2.2360909999115393,-28.602698493090088,-3.0220184120999214,-28.43215048007458,30.36732222427362
2.2381134999450296,-28.71534984321605,-3.0944891266587136,-28.544635315978756,30.380244072354753
2.242054499918595,-28.721066589385096,-3.021441278363754,-28.550614838151198,30.394804029119143
2.454143999842927,-24.19500355764333,-24.232913077590677,-24.179046669293303,-23.6605081948977
2.455991999944672,-24.06093451792024,-24.212597967570485,-24.011968428630436,-22.438138822081694
2.4580049999058247,-24.077735864067115,-24.215129822918556,-23.944697848493853,-19.29067863958021
2.4599974998272955,-24.134087046420653,-23.114933468731227,-24.031726400033413,-19.29962219655774
2.4639749999623746,-23.991955763145665,-23.094561475059017,-23.839570825096043,-17.33946505298025
2.4679934999439865,-24.16157951420455,-22.382475009095323,-24.02891849468967,-17.356954201101836
2.4699819999514148,-23.997304528534784,-22.35995273093905,-23.81520054492459,-15.37513739509056
2.472338499967009,-24.06633883589849,-21.117907302458512,-23.91783403704368,-15.383460156123078
2.4744304998312145,-24.201161659699647,-21.135336605823493,-23.993654477668453,-13.03885162999932
2.478332499973476,-21.40547276253643,-20.820058499044947,-21.34751815378149,-18.562832925787607
2.4799374998547137,-21.352937902688716,-19.331729370412642,-21.333340471212583,-18.561422003120644
2.4839554999489337,-21.31441057683306,-17.909681685870233,-21.289271156606038,-16.90446528448541
2.4899324999423698,-22.415790473461485,-17.638015594175116,-22.214919101122092,-9.4185895836054
2.4919435000047088,-22.241999509267735,-15.75782726230052,-22.08839982728532,-9.413657822164073
2.4959299999754876,-21.981768571749257,-14.375632041148018,-21.8623488359278,-9.4050561594826
2.497935999883339,-21.349955349462867,-14.990232643987971,-21.31185453464666,-13.42129779198374
2.499962499830872,-22.327566912022426,-9.564753504151954,-22.070643833446983,1.4416519198383646
2.5019814998377115,-20.365044985213583,-4.8147653751240975,-20.292471932428345,-1.6302991798435371
2.5120569998398423,-22.947675128904304,-4.34150804532022,-22.72549383731652,5.151327361017084
2.5140979998977855,-18.218530256267595,-9.41261462021661,-17.849284060112332,7.179013416059585
2.5360834999009967,-21.800931821081235,-7.633359346435015,-21.715361092070356,-3.957071890146935
2.5399389999220148,-21.6440709757651,-2.914718618164374,-21.339091544921104,10.182610027740704
2.541925000026822,-21.64002709215553,-2.724803687870065,-21.34066406690557,10.13106924455637
2.5440960000269115,-21.483608416665952,-2.5735730549911144,-21.177801161209445,10.566986859954532
2.5460999999195337,-21.38028587841042,-2.7366036752432454,-21.070344164315824,10.597305935889214
2.550074499915354,-21.21954407052223,-2.4130369594176404,-20.919931665554948,10.497274249958794
2.5518859999720007,-20.887124422997953,-2.5106246027575594,-20.59339541247192,10.200902243948592
2.555905499961227,-20.60457508501204,-2.689171749224932,-20.320298989061698,9.666885584411085
2.557909999974072,-20.337948865524506,-2.376998220318051,-20.064301712294974,9.55268369571603
2.560008999891579,-19.92576982256573,-1.9157462970282584,-19.667827040803378,9.38264002904656
2.562076999922283,-19.538191023749967,-2.09724889409307,-19.29042033755937,8.819746587397793
2.5643734999466687,-19.306066079902962,-2.2116004517541277,-19.06462910393781,8.464578026752745
2.568304499844089,-18.936609055649217,-2.0332305399559227,-18.702297773124766,8.37668121885833
2.571994499885477,-18.76494672067434,-2.1154718120871445,-18.535209879631655,8.118992362033053
2.574043499887921,-18.47847603963446,-2.201030654150345,-18.247643733316828,8.121977595370899
2.576021999819204,-18.18109230317913,-2.4235577726020017,-17.961994427852673,7.426006484435388
2.5799284998793155,-16.96153855893104,-1.6470189370146588,-16.77096841257463,7.06996781608904
2.5838979999534786,-16.809298352792997,-1.8157374925977312,-16.62761154250845,6.521085146629968
2.585876500001177,-14.78976232445788,-0.404942634099876,-14.657079937543,5.88250807329527
2.5879100000020117,-12.916357352321358,0.9386948037432701,-12.827630344498408,5.286543713011752
2.589941999875009,-12.374581615051788,0.35803676074906654,-12.319438837368054,3.0967155788425385
2.5939639998832718,-11.342512706649194,2.240015037027068,-11.319448105294724,3.407427612213997
2.5959294999483973,-11.285053791536676,1.4685209187580737,-11.246871780195509,3.4052705629105366
2.6000264999456704,-11.312268754904636,0.7211262497496671,-11.259356054363684,3.4056403747342796
2.6019834999460727,-11.149288247780264,0.7172016062690062,-11.058039892235282,5.3534870250962525
2.6039919999893755,-11.021176124657957,0.7141467531554204,-10.908456062565186,6.448801510164529
2.605890499893576,-10.921035137987266,0.9607797213154763,-10.813433592574494,6.445184120332099
2.6099519999697804,-10.825881863649121,0.9584397092650581,-10.711681098258717,6.788284762271708
2.6120059998938814,-10.868193208306689,1.2444051240168987,-10.759413396996234,6.790140664374751
2.616027499898337,-10.777590489412988,1.2648043247658178,-10.669491095682693,6.786654540198449
2.617962999967858,-10.814940855818486,1.265763900777869,-10.707240065718215,6.7629507272560705
2.622019499889575,-10.728249956661884,1.2635408961487666,-10.62215280022428,6.68982611470783
2.6240404999116436,-10.743896969867542,1.2958186045879736,-10.638377502662726,6.690447541723767
2.62800299981609,-10.70160532846223,1.4915019934233515,-10.60000801844719,6.688980195847616
2.630015999893658,-10.667276045885268,1.4905968102234548,-10.56505987264512,6.723415171352453
2.6319604999152943,-10.668639985707324,1.490632726916962,-10.56800552927645,6.642977451564382
2.6340034999884665,-10.67078703480336,1.6880836234757017,-10.573971612349604,6.643204331411598
2.6380079998634756,-10.599534444349201,1.6861608692799828,-10.499789139747017,6.79802590484092
2.639964499976486,-10.693108882324282,1.5455752044336175,-10.590360990768938,6.801530824583795
2.643960499903187,-10.622634338197818,1.5642554886817752,-10.52046129128436,6.798821986879126
2.6459749998757616,-10.699581565937011,1.5662980811863727,-10.599860826485882,6.667610416059934
2.648094999836758,-10.708136442175391,1.5665259588902363,-10.605356660442082,6.822033443697052
2.6502004999201745,-10.781084160286245,1.5658936585641074,-10.678071428019317,6.824857270727296
2.6540794998873025,-10.831475898056379,1.567239342286488,-10.729342286352264,6.775973241003963
2.655919999931939,-10.89891673720406,1.4291790694632838,-10.793893169937032,6.7784955487697935
2.65997749986127,-10.866976503049083,1.7612546156757145,-10.768511685364603,6.777501106713284
2.66202899988275,-10.859148438955899,1.761039519521744,-10.761786620250968,6.722387507200167
2.664011999964714,-10.888599736018486,1.8806959813181683,-10.793482955399893,6.723624991896062
2.6680844998918474,-10.92347401420707,1.8816710094629976,-10.828316780520995,6.722980799589302
2.672070999862626,-10.99203170231623,1.9835432243394038,-10.898668318630527,6.725746786094963
2.673973999917507,-10.99762681028241,1.9837020935725296,-10.909226795752703,6.4750768731928225
2.675933999940753,-10.963444676857593,2.039834508835073,-10.876231788441105,6.473799805761776
2.677909999853,-11.000851334268777,2.040906367306637,-10.909469747419447,6.681478861917156
2.6799794998951256,-11.060552189438505,1.9958528840442882,-10.968124986851091,6.683788000880429
2.684051999822259,-11.086590618772895,1.9965967330956995,-10.998385658893492,6.469410431580354
2.688031999859959,-11.020043605166004,1.9541995179445217,-10.931187812774855,6.466807309052435
2.689958999864757,-10.877410061137988,1.9501685442617733,-10.791927129386666,6.306073910573382
2.691984499921091,-10.828755024545526,1.9488046434073951,-10.74533352546332,6.20485701250331
2.6939759999513626,-10.757196591108787,2.11084768630283,-10.677107571910073,6.202289905686373
2.695995499845594,-10.891362009889097,2.0973043703306953,-10.81067378826824,6.207337436535524
2.7000709999119863,-10.956635021893495,2.099171561816196,-10.871034213111379,6.451570358459793
2.704072499880567,-10.977755798754421,2.0665479789138375,-10.89146252770936,6.452364793475236
2.7060249999631196,-10.817843317277763,2.062011117439542,-10.732372916918589,6.4214040098842196
2.708036999916658,-10.790830621971578,1.995235488805651,-10.70413292643918,6.4203094221487005
2.712081499863416,-10.78576534865049,1.9950940454150563,-10.697593330500517,6.495381969059245
2.7160494999261573,-10.839978775632565,1.8698047513222744,-10.74922218179731,6.4973973629419435
2.7179639998357743,-10.889110428216409,1.8711572505091472,-10.798429610084213,6.489976986671841
2.7200324998702854,-10.772875448544234,1.8679666479333392,-10.681716517768816,6.522733107802328
2.722010999917984,-10.701388611732263,1.9103646588107794,-10.611250134298817,6.5199812470551
2.723976499866694,-10.81017211725776,1.7337705117095759,-10.71630070953509,6.524093163506923
2.7279339998494834,-10.810985942852449,1.7337923536381663,-10.717338317161051,6.512695682875417
2.731957499869168,-10.828897625619367,1.5467373531577657,-10.731562307279743,6.513256393139425
2.7339294999837875,-10.837194563869154,1.546954574677496,-10.738438210009635,6.58450591824593
2.7359074999112636,-10.904701197378367,1.6017528459438746,-10.80681331891283,6.587230397228226
2.737868999829516,-10.962853506683954,1.6032912828170789,-10.866736123666293,6.49312270120265
2.7398729999549687,-11.00625678967947,1.5489803914418367,-10.90895478752648,6.494805689216372
2.743962499895133,-11.075971824938039,1.5508208869644762,-10.977015446843295,6.572546107545072
2.7479854999110103,-11.071674513456742,1.5284580505681933,-10.97229370634072,6.572356283182574
2.749939499888569,-10.97919934413577,1.526026485282663,-10.877159300180105,6.714111220911731
2.7521909999195486,-11.004446010209534,1.3734674346725253,-10.899353549636233,6.715013655440832
2.7561839998234063,-11.012005325176242,1.3736613720454243,-10.912180748607712,6.448721242802443
2.7599489998538047,-10.953904400619251,1.5125226474405873,-10.85695748428715,6.446524512652194
2.7619934999383986,-10.963326040723215,1.512769208344691,-10.867449527221742,6.391704403419274
2.7640424999408424,-11.007557398359634,1.5340600984835757,-10.911969863819323,6.39346690978153
2.76606999989599,-10.979222090033884,1.5333168502613101,-10.888020677807884,6.174129271975169
2.768072000006214,-10.908304369768885,1.6288778513333766,-10.81915902129,6.171452736146032
2.77193049993366,-10.949661070007982,1.629977241018449,-10.85737074877676,6.327471377161744
2.7759079998359084,-10.936422864461203,1.6545027633206844,-10.84464733152557,6.326973497137198
2.777987499954179,-10.879421930077827,1.652983504870944,-10.793962469918608,6.011355601463171
2.779904499882832,-10.877466482101292,1.6529315128264797,-10.791612474973627,6.031483253228231
2.781851499923505,-10.80554977532344,1.7369699703156485,-10.721518077992943,6.028816528466445
2.7858714999165386,-10.73108168987812,1.734974441279688,-10.647356111365728,6.018256355577842
2.7878594999201596,-10.720389289455596,1.793404688969576,-10.637825299979651,6.017895999291223
2.791891499888152,-10.659228969496988,1.896681279227503,-10.578823238177593,6.015675067141314
2.7938824999146163,-10.632593339257626,1.895955531678533,-10.550835100660109,6.0862631356724375
2.7978694998892024,-10.590508273497086,1.8948122296096823,-10.513395482651642,5.8520856255297335
2.7999549999367446,-10.598940901686307,1.8932073402231966,-10.521776522983172,5.852396038913659
2.803855999838561,-10.613687308920005,1.8369999754077388,-10.535398444495723,5.852901281047311
2.805863499874249,-10.676263613927004,1.8386888845515288,-10.60009470155087,5.741064446372959
2.8078644999768585,-10.641561940642799,1.8377511809594225,-10.564791405734118,5.773785105333652
2.8098844999913126,-10.609897132732028,1.8595142697701994,-10.533624594848025,5.772637460416789
2.8139089999021962,-10.513633278028674,1.8569206058910124,-10.439484149817636,5.669810270487994
2.8159039998427033,-10.456679248991477,1.8741078142159449,-10.382996222085175,5.667759257039128
2.8198994998820126,-10.482265653698523,1.819012121877495,-10.407458471671074,5.668645619435912
2.821934499894269,-10.519902360098776,1.8200185712155428,-10.445386241358426,5.651547334441409
2.8239134999457747,-10.479270255986437,1.8189321614503025,-10.402262648194728,5.781433538311472
2.825948999961838,-10.466316808088925,1.9279472887589997,-10.39144524709941,5.781037747878878
2.829969499958679,-10.488953459120129,1.9285605701697506,-10.418776204527116,5.539476489595152
2.831944999867119,-10.532260837337116,1.8797195540198528,-10.461041075184319,5.540996811713217
2.8359219998819754,-10.502248642983034,1.8956174898771159,-10.431404685234636,5.539929890697315
2.8379419998964295,-10.605515773512026,1.8984188943348657,-10.532938536781442,5.622897451517272
2.840258999960497,-10.717260488813478,1.8794291633381148,-10.644055607338132,5.626946645584018
2.844290499924682,-10.77880407587815,1.881107100747398,-10.703376689813588,5.7365773153514
2.84597149991896,-10.771602543003693,1.7860332228987623,-10.694344562357264,5.736243059360824
2.8500484998803586,-10.763945007441768,1.734918307235931,-10.685712469075598,5.735923968386978
2.852035499876365,-10.758554415063754,1.7347737977119226,-10.681885470761248,5.65671398557804
2.85403999988921,-10.773011557926457,1.7351615084296308,-10.70347188575982,5.293036049503066
2.8580359999323264,-10.729292146775874,1.7339904843236167,-10.675211333323935,4.506302650749151
2.859982999972999,-10.845111653183759,1.333864725410265,-10.783028565170296,4.509918321673555
2.8640029998496175,-10.997820299242683,0.5190549770980502,-10.919531575957416,4.514562308261601
2.8659704998135567,-11.148358128835465,0.5224491739641403,-11.094631850072018,3.2586379096373292
2.868234499823302,-11.177218658201134,0.5231037446798728,-11.14577015035555,2.1249445004149585
2.8704499998129904,-11.333310290500549,-0.44692866604437764,-11.2826113294516,2.128633804822389
2.8722069999203086,-11.34716381659291,-1.091333220968036,-11.28378305197515,2.1286655968032133
2.8759664999088272,-11.285919564493307,-1.0923584390744867,-11.239824139023943,1.2531434768790422
2.8799604999367148,-11.341795882528098,-1.7634426827493221,-11.282433934050848,1.2541791025791111
2.881961999926716,-11.44447734318575,-1.7619773039566076,-11.386652599906705,1.1711570259483985
2.884207999915816,-11.45773427123688,-1.877405286199016,-11.397613566608602,1.171421087048399
2.8881794998887926,-11.465764845658816,-1.8772941203341866,-11.402910117458749,1.3095824729339451
2.8899169999640435,-11.487584769402996,-2.024795181053002,-11.421783663305275,1.3100463636387014
2.893940499983728,-11.444057337577476,-1.9008627704811016,-11.380777789301069,1.3090393843690107
2.895998499938287,-11.442146999832044,-1.9008890446366968,-11.37243565549383,1.6352109848113765
2.897955499938689,-11.478455087325,-1.9003897067996565,-11.407801671766407,1.6807205668043963
2.9000839998479933,-11.493791650544665,-1.5826274386293915,-11.429369575698216,1.6812763454979314
2.904078499879688,-11.40475787240044,-1.5839575787037177,-11.340538341784756,1.6758036489211348
2.9079499999061227,-11.408810171243292,-1.5424852143652255,-11.345398884119236,1.6759289131283723
2.9099459999706596,-11.510333004435259,-1.5409526565906164,-11.440464129932263,1.9973082623683924
2.9119589999318123,-11.458591974851123,-1.602822243702456,-11.387608318982888,1.9958924978533694
2.91398649988696,-11.540995438272056,-1.6015964936315932,-11.47100915567786,1.9404706306466817
2.9160174999851733,-11.526259664600635,-1.8187710655640497,-11.452020633880723,1.9399669467178962
2.920105499913916,-11.294221617294841,-1.82203151544347,-11.221230333247767,1.8917537406237912
2.9240314998896793,-11.244367384127093,-1.8462333407108744,-11.171004906686997,1.890434580524518
2.9259479999309406,-11.2195755523423,-1.846579444734751,-11.148796620377933,1.7605244387131334
2.9279914998915046,-11.197805837132604,-1.7984239442663623,-11.128013830659157,1.7599890634519502
2.932035999838263,-11.166825715378746,-1.7988618609469853,-11.091467341667563,2.045610382735602
2.9340419998625293,-11.093642974135655,-1.6622484291333524,-11.021109840752636,2.043741230244251
2.9380569998174906,-11.140672255075655,-1.645630003212835,-11.068366308424432,2.0449953368941918
2.939979499904439,-11.087609529204506,-1.6464093918022291,-11.011580045877599,2.238451322632137
2.9419739998411387,-11.248194785678105,-1.6440497441629034,-11.168669842807304,2.405199329024669
2.9459684998728335,-11.175411666575922,-1.6451195791178574,-11.098507999838537,2.276948870436847
2.9478949998738244,-11.177783090265004,-1.6493599017308394,-11.100791267518398,2.2770113025592176
2.9519174998858944,-11.235920228352136,-1.6177441117198532,-11.159420792382878,2.278619050208651
2.953921999898739,-11.207130283615191,-1.6181700890371224,-11.13256685108509,2.1820547273118347
2.955911499913782,-11.056528696404762,-1.7631504332598646,-10.979455650380642,2.1779222837008287
2.9579584999009967,-10.973709118622706,-1.764331281062032,-10.89903038612523,2.0612983570944534
2.9600604998413473,-11.04111942602387,-1.8447697762471365,-10.964727163944332,2.063039540363409
2.9640894999029115,-11.026254693525399,-1.8449774544291686,-10.950561811237685,2.028338781039235
2.968067499808967,-11.095512436355381,-1.7891375147505901,-11.020761382787075,2.0302030986660164
2.9699414998758584,-11.09346793003445,-1.7891664942088044,-11.018874530259563,2.022295647074897
2.973977999878116,-11.119300112715445,-1.788800334709963,-11.043560675288157,2.0790038042493415
2.9759559999220073,-11.099425133217327,-1.7890711765306637,-11.023723179764641,2.0784725996716507
2.977958499919623,-11.108426572293148,-1.7928773047675517,-11.032630866715243,2.0787110080998135
2.9801514998544008,-11.107191310076704,-1.7928947956398964,-11.032907421152533,2.001659378579829
2.9840989998774603,-11.19941798487875,-2.0260849727759167,-11.120372746905165,2.003988836270969
2.9858834999613464,-11.294292445272577,-2.0248212873322755,-11.216874097194658,1.9144143148566504
2.9899554998846725,-11.395999633554231,-2.0234678845704326,-11.322193294789134,1.724049632686853
2.991979999933392,-11.332795510184852,-2.0121568213293535,-11.259342102831265,1.7224299994412013
2.9960529999807477,-11.411425821913916,-1.9179423174672119,-11.339663500759473,1.7245014013106628
2.998047999921255,-11.3580369377216,-1.918673472457238,-11.286290524855074,1.7270788279000784
2.999972000019625,-11.47117846560835,-1.9171242194726326,-11.394904293186567,1.94923423275075
3.002072999952361,-11.500165253999599,-1.9333413037074014,-11.423509715488112,1.9499967922642731
3.0061104998458177,-11.482937532466712,-1.9335761285130293,-11.406048951573766,1.9629662841130393
3.0080324998125434,-11.417681862775671,-1.9426359768189843,-11.340755019493146,1.9612258725460372
3.0119274999015033,-11.434228994326778,-1.6874007293380044,-11.36228940597466,1.9617987445274205
3.0139939999207854,-11.441787733539567,-1.6872907443280223,-11.36968373391718,1.9696566502138373
3.015981499920599,-11.441404434936473,-1.8813710326320474,-11.365481342882259,1.9695446570640576
3.019938499899581,-11.520838914094925,-1.8802730709906719,-11.444942416429418,1.9628683878714253
3.021923999884166,-11.487220364376338,-1.7208895977789667,-11.41453513563024,1.9620597279714376
3.0260054998798296,-11.428423708563626,-1.9783343846105221,-11.350793449278315,1.9603717433390127
3.0279544999357313,-11.447271401168809,-1.9780810088737066,-11.370008195782495,1.9404635152376373
3.0299944998696446,-11.413570008706932,-1.9785340928377684,-11.33436698001191,2.0411413153444578
3.0339779999339953,-11.433006162942725,-1.9782727778980012,-11.354402541021768,2.0093796385897353
3.0359794999239966,-11.46622152512456,-1.926979479081204,-11.388555503694525,2.010288273001691
3.039951999904588,-11.345615351727265,-2.0254486436306682,-11.266275753126584,2.0070480830384567
3.041921499883756,-11.323957496212701,-2.0257358754782255,-11.246496349252974,1.9131945213862003
3.044061499880627,-11.334501660468165,-2.0255960285356585,-11.258906031750838,1.8176999505042617
3.0460299998521805,-11.362416167403536,-2.0230555818752727,-11.286811540285496,1.81841941952489
3.0480769998393953,-11.356070567911207,-2.0325136049225434,-11.28029348932748,1.81825120870954
3.051998999901116,-11.33741719223129,-2.0327605426227953,-11.257631789921813,2.0230906629281917
3.056142499903217,-11.2903587993518,-2.133506710375765,-11.208700916692976,2.021799435643296
3.058368999976665,-11.299883958663594,-2.133384257038599,-11.219257606033453,1.9686550048929814
3.0602724999189377,-11.337273526016382,-1.9899076625705021,-11.259381686819866,1.969706708125297
3.0623234999366105,-11.340482375796109,-1.989864666011771,-11.26163113050463,2.0181950812628338
3.064259999897331,-11.34657887705242,-2.028850377689295,-11.266948470920171,2.0183355639235177
3.0680234999163076,-11.424282272316601,-2.0278210668482384,-11.342504288945793,2.121561109675697
3.0719674999127164,-11.360914496717388,-1.9096773242829632,-11.28160060421926,2.1199358785044526
3.073964999988675,-11.385677171167343,-1.9093382925782552,-11.310976924249493,1.884135944357866
3.07598749990575,-11.41417061120408,-1.8971392690712656,-11.339650787744311,1.88487877367852
3.079947999911383,-11.484267772596729,-1.8961763400326352,-11.413142356396936,1.7083903756693437
3.08401450002566,-11.503197498627712,-1.735468057876657,-11.43520188146803,1.708950991485304
3.086017999914475,-11.487615020028404,-1.7356918467081834,-11.416286907681805,1.8785660135699234
3.0880089999409392,-11.471120140220423,-1.7359287247349668,-11.400436172714025,1.8469645796887106
3.0901734998915344,-11.505715117530428,-1.6880684652697862,-11.43590532039361,1.8478837344037655
3.094167499919422,-11.685273428171262,-1.6854550111659945,-11.610986872977568,2.062908769923825
3.0959375000093132,-11.703749027745598,-1.249904441407078,-11.638043528678171,2.0636309864776123
3.099977499921806,-11.846026223467414,0.41061841313455916,-11.813024251610383,2.0683451954706755
3.1020219998899847,-12.21536673206035,0.4191779951873246,-12.164615857376548,2.9479349094387706
3.1040224998723716,-12.79812194607373,3.0915670400903927,-12.789472691163514,3.5160465896936026
3.106144499965012,-12.951033397757616,3.4014836195527147,-12.93163353576679,4.349347546648873
3.108324999921024,-14.106896838440278,4.8656004800872354,-14.070159797211431,6.611123085306732
3.112203999888152,-14.091719276057436,6.059521904151361,-14.087874421767363,6.241900624566129
3.115985499927774,-15.428027481798646,6.751513198155158,-15.367923100024553,9.511288433564847
3.117930999957025,-15.41235081720431,8.107509963595527,-15.388566203802563,9.196512580272032
3.119994999957271,-16.463874691487646,8.617777944501865,-16.392544528369008,11.798094786807773
3.1240085000172257,-16.36015564032002,10.178323913029617,-16.330013608614973,11.518200348408163
3.1279184999875724,-17.517595043522654,10.683513755953886,-17.432285367267404,14.362702376572475
3.1299004999455065,-17.58137720455523,12.572561772003,-17.54434625594374,14.156610563541976
3.1321529999841005,-18.61212737238304,12.939831691811948,-18.526430658547387,16.50869236394884
3.134148999932222,-18.54697485614386,14.683089985769003,-18.505762115221554,16.386979702111525
3.1382079999893904,-18.537824647615498,16.281090837083244,-18.524601312264412,16.82192031662419
3.1399579999269918,-19.392557300593154,17.01487138633281,-19.351881403459405,18.63677879841706
3.144008499919437,-20.165675170585356,17.206899389898485,-20.08032486468825,20.53581934464125
3.145946499891579,-19.9713083672839,19.287273471607694,-19.938843643995384,20.53944759485752
3.1480264998972416,-20.124474153606734,20.581838733494873,-20.104806946321176,21.32832938937981
3.149930499959737,-20.820074473966606,21.40841214425428,-20.79208553639803,22.44782940292244
3.1520889999810606,-21.573267993027724,21.494232117706435,-21.51200152404279,23.728414583657297
3.1560929999686778,-21.665522471306264,23.915542068972563,-21.65081591842079,24.43824153448824
3.160033999942243,-22.153235699022826,24.448700148744962,-22.126553170273638,25.38098365515576
3.162017499911599,-22.709803075897433,25.585222565764166,-22.673481402817533,26.819699476440363
3.1641059999819845,-23.077661026332702,26.8974092761644,-23.077085470685653,26.916656533166705
3.1680049998685718,-23.65049620291267,27.034449317631292,-23.580791335272504,29.299482408813383
3.1719144999515265,-23.99125582700158,27.880616767943913,-23.94463171421053,29.37786906839806
3.1739209999796003,-24.547705020239842,28.00026480860289,-24.444749402352606,31.226785242325533
3.1759264998836443,-24.94640560553744,28.089409315365348,-24.785174491987632,33.025832044755255
3.1778769998345524,-25.19282995469619,28.52886911572163,-25.0429375262351,33.08625043676918
3.181936999899335,-25.836715912618885,28.680523171244726,-25.635661293021535,34.64946318129175
3.183979499852285,-25.79661132126544,28.562111242494936,-25.592255855868746,34.63898517322062
3.187981499824673,-25.807982096947867,27.838785214092933,-25.5686394300686,34.6312823042171
3.189903499907814,-26.016870408025266,27.889155590224796,-25.77159080413582,34.82123361831414
3.1919454999733716,-26.07097366886696,27.902332805289955,-25.8186337503599,35.01420319547691
3.1939639998599887,-25.897798802159393,27.716649841089065,-25.641315147265246,34.971388565865645
3.1979664999525994,-26.039853215301463,27.75131762622746,-25.77200684101732,35.2890670500953
3.199937499826774,-25.89614824012645,27.59861049420328,-25.624932880396504,35.25390700944457
3.2039604999590665,-25.95638465955237,27.72676750052907,-25.688657683782214,35.26908826918244
3.206002499908209,-26.18187584784057,27.782488516944934,-25.912783473002346,35.34107352688448
3.208009999943897,-25.989349954635546,27.807683118639456,-25.723168984682857,35.29604997856696
3.212024000007659,-26.002280097236085,27.81090237986917,-25.74207893275225,35.14345841200088
3.216056999983266,-26.034540964668448,27.772886050685045,-25.772759482644602,35.15068665847493
3.2179464999353513,-25.893695795019777,27.73800169342431,-25.647016322597626,34.733592020593306
3.2200539999175817,-25.594448974906978,27.665095746437142,-25.355391141892987,34.483550106471036
3.2220184998586774,-25.363327592446016,27.62200720755852,-25.125275037410212,34.43024605917648
3.2239849999314174,-25.33796850892386,27.758833841646496,-25.104591343297976,34.42550602453143
3.2280039999168366,-25.30059387831372,27.74984805983922,-25.082369396106838,34.01547322450863
3.2320124998223037,-25.400994392170187,27.88071899198459,-25.18599573271832,34.03921011367351
3.2339044999098405,-25.395736408422344,27.879452411337816,-25.182158435829866,34.000291518613516
3.2360489999409765,-25.236715243955388,27.84138532618986,-25.042086609198503,33.46208347707377
3.238216499914415,-25.19407764239658,27.867329982893377,-25.00070389301187,33.45264356995045
3.242110999999568,-25.049409658770887,27.83309540128172,-24.859268627111035,33.339874751192546
3.243934499914758,-25.18266126643883,27.872021549921925,-24.992483329153547,33.370316910464354
3.2479814998805523,-25.310719216905397,28.282350740429553,-25.13262677706077,33.40271559099546
3.2500254998449236,-25.349177243432322,28.291515715170487,-25.16744646570387,33.50829684529593
3.2539879998657852,-25.188946483098434,28.25351026571675,-25.013709094710386,33.3034485900393
3.2561899998690933,-25.1811097358541,28.35693146835307,-25.009323335888705,33.30243078574639
3.2599689998896793,-25.20753912825817,28.69139606510445,-25.046459978738284,33.311060947920375
3.262043499853462,-25.207258968350825,28.691329468610824,-25.04855291120333,33.24627787068697
3.2639944999245927,-25.307421624866933,28.62032663701565,-25.145414521784577,33.26889807183292
3.265894499840215,-25.272547926452827,28.612051644330183,-25.109829339374713,33.28194323045993
3.2699689998989925,-25.300099634913973,28.618587377877237,-25.14048065096635,33.20239626854381
3.27197299990803,-25.288366982627622,28.857333870151994,-25.136725657020136,33.20151663776122
3.27591499988921,-25.437672167786694,29.133391330809424,-25.293739275967823,33.23853284553045
3.277896999847144,-25.416963504663517,29.128425242382885,-25.275500838631235,33.16718225209595
3.2799644998740405,-25.485057237981707,29.115176138040052,-25.342497948531562,33.18310859631987
3.2819824998732656,-25.493029550761683,29.1170877254647,-25.352071626073034,33.140932653005954
3.283981499960646,-25.469792510366542,29.183576176509874,-25.33126966583016,33.13598035042126
3.287940999958664,-25.433069594477658,29.174772117164057,-25.29503348891888,33.115596022900036
3.2919649998657405,-25.29917640502034,28.884629656993408,-25.15280394822246,33.08197831445295
3.294017499894835,-25.34434433074429,28.89539286751407,-25.19846482988641,33.07699473875598
3.2959769999142736,-25.346315808955232,28.924784994093166,-25.201389459740078,33.077682216774065
3.300014999927953,-25.41238246612667,28.94060518039213,-25.263090539950976,33.20950236995262
3.3040814999258146,-25.409882975283857,29.037889181160253,-25.263838679781077,33.20967859746018
3.306025499943644,-25.359332355111572,29.0257561276416,-25.214125631756893,33.17718672676864
3.308045499958098,-25.432004849385997,29.043213803101825,-25.285080432176635,33.23790290540826
3.3100504998583347,-25.476762581331133,28.96070114792732,-25.326671153054967,33.24772154340387
3.3120844999793917,-25.470835070916905,28.958316673287467,-25.320721918167024,33.246314990201945
3.31606749992352,-25.43142504494284,28.948848449778453,-25.276957280901588,33.35737133281693
3.3200109999161214,-25.368145354167673,28.940607340522984,-25.21401873789903,33.342519455054244
3.3220189998392016,-25.451896689366116,28.96074865372117,-25.3041489949214,33.18458288500339
3.3239704999141395,-25.40255883411521,28.77139555547729,-25.249024409733828,33.17165326087165
3.3259399998933077,-25.429385162531766,28.77784942289684,-25.271568433412515,33.29344869434974
3.3279684998560697,-25.321529845325927,28.606373165562218,-25.159105395574915,33.26721420375082
3.3320074998773634,-25.244569460180724,28.587970295385258,-25.089913896591167,33.04055472313848
3.3359899999340996,-25.05075540698638,28.5689841057169,-24.89730367067875,32.996330422782314
3.337942999904044,-25.052292141805317,28.569349748307452,-24.90591193147149,32.80177331668574
3.3399299999000505,-24.940562233054557,28.48442926509643,-24.792431307131352,32.77611004465103
3.3439679999137297,-24.803710498957347,28.452120918006077,-24.661876838106824,32.57615801492255
3.3479834999889135,-24.86352404717381,28.610227874913782,-24.726318676286315,32.59065370867571
3.34995149995666,-24.844046363455668,28.60564153299874,-24.701705199139905,32.729533065352726
3.3519409999717027,-24.867136385927356,28.42226403113139,-24.718585735521255,32.733349027548556
3.3539539999328554,-24.967283171612657,28.445842917647667,-24.82172708694131,32.66878073599151
3.3559559998102486,-25.003645508965217,28.643243111115286,-24.864221633769855,32.67841078257067
3.3600159998750314,-24.84729248208538,28.610948445533467,-24.70688298585369,32.2647174726871
3.36417349986732,-24.96008607997489,28.470394756860134,-24.81337287038559,32.28919897019909
3.3661669999128208,-24.998094895841184,28.47944145548832,-24.848925758411525,32.35766458687824
3.3680824999464676,-24.904262713418987,28.457156478876346,-24.743579689094982,32.62657916140411
3.369987499900162,-24.979805317103704,28.575138423916794,-24.82263528906058,32.64496034943305
3.373983999947086,-25.144705164003437,28.614521120022335,-24.997529714672826,32.42794709141364
3.3759949998930097,-25.03176719651133,28.40407504133909,-24.87806749064275,32.40025523786095
3.3800094998441637,-25.1101324109279,28.24747307546638,-24.94989970089325,32.41687297609247
3.3819714998826385,-24.93799548004654,28.20666311977863,-24.761293560799917,32.793957352215976
3.3860024998430163,-24.976997847767635,28.215861774861896,-24.816434573906047,32.40057093024268
3.3880179999396205,-24.964565068916293,28.542635008327924,-24.81605268352319,32.40048241596536
3.391932499827817,-25.05766392786263,28.942565424037316,-24.922882244364388,32.425353827498014
3.3938749998342246,-25.156937721269237,28.96643511821747,-25.02543794121284,32.363139973894434
3.3959254999645054,-24.9805816391021,28.924158674788167,-24.85257606601118,32.24132518992192
3.3979564999463037,-24.969567046111532,28.94841654125703,-24.842569777125508,32.23899251278669
3.401906499871984,-24.980679399187782,28.95106413174761,-24.85184674559088,32.2870308770747
3.4039059998467565,-25.18944519549683,28.890449597836113,-25.056203266481774,32.3350877964851
3.407912499969825,-25.15531484478355,29.007320433885422,-25.02674958275579,32.32811127905608
3.4099764998536557,-25.406374339394045,29.067903224370443,-25.27842671784154,32.362726475891634
3.4120974999386817,-25.243421645700302,29.028446592550747,-25.115558324138796,32.32802009311964
3.4141484999563545,-25.361222859082094,28.947584854481466,-25.229129169922864,32.35503099312318
3.416082999901846,-25.308242749775673,29.12607729805895,-25.183322756964426,32.34410643285735
3.4200399999972433,-25.258136972096406,29.114017940383786,-25.1374095238374,32.229623629932696
3.4240174998994917,-25.072092290370144,29.514118783342738,-24.96817350643201,32.18968591071908
3.4258634998695925,-25.27211232005089,29.562795516879863,-25.160845034657335,32.41432085219247
3.4299859998282045,-25.58103095315176,29.6394645465187,-25.44809668685417,33.012446657703585
3.432103999890387,-25.755396822272857,30.5738368383098,-25.65611959653203,33.0622663640593
3.4359919999260455,-25.717482214839976,31.534767324160935,-25.655894026376274,33.0622118795247
3.437933999928646,-25.76652845509051,31.54748961715386,-25.66449534991928,34.04765355276175
3.4399189999094233,-25.814140971965156,31.559885138840944,-25.681721245579684,34.774771755452534
3.441896499833092,-25.99267616464658,31.980983673622323,-25.874826067718413,34.82260361574341
3.445979999843985,-26.262264407921357,32.0525373227939,-26.14829824382709,34.793819840904725
3.4480264999438077,-26.24658576372997,31.805099173156925,-26.12298023418411,34.78749416646061
3.4520589999156073,-26.243276496801084,31.615977683293142,-26.112242050872652,34.78481514989363
3.454020499950275,-26.275597813768744,31.62459905561227,-26.1321845398091,35.07919885601012
3.456034499919042,-26.353288900397246,31.645406846427456,-26.217660486693052,34.916415279003346
3.4579434999031946,-26.125219526077252,31.223729494490115,-25.975678986508854,34.85654304912319
3.4599949999246746,-26.146327482692495,31.157612719308574,-25.993965761852834,34.86102641226916
3.464017999940552,-26.25260940875294,31.18601696242012,-26.09978886631175,34.89501001135697
3.468044999986887,-26.12862306791871,31.033781627602806,-25.97130019674727,34.863616605495345
3.470035000005737,-26.055846063778425,31.014373314084324,-25.88566397353102,35.14611809104469
3.4739939998835325,-26.07634137863511,31.01982853567373,-25.903920726051577,35.20216237489212
3.4762864999938756,-26.072937159026118,31.106953059155213,-25.90394220705556,35.20216760744822
3.4799354999559,-26.15752009196281,31.40410575074598,-25.999139347806036,35.22544812619413
3.481923499959521,-26.101357303062585,31.389079998197058,-25.948816656080563,35.078310869283
3.4839994999347255,-26.064801859381372,31.379333363865435,-25.913020158932298,35.05274957990401
3.486037999857217,-26.133547781730737,31.45922985811505,-25.984100268302623,35.070215501070514
3.4882444998947904,-26.182480486540324,31.426012403968134,-26.0311611445887,35.081835459335025
3.4921609999146312,-26.163731234478675,31.421015025914535,-26.022826501331274,34.836112752988264
3.4959284998476505,-26.24387862957098,31.20729086102414,-26.09368645057651,34.85365551614309
3.497938499902375,-26.155631152838893,31.18391958967251,-25.99725303776033,35.02448998051211
3.4999384998809546,-26.154783743672436,31.183695905191836,-26.007747725538998,34.76071578877463
3.5019104999955744,-25.993170232729653,30.968078919413013,-25.839612617956195,34.71931601734692
3.5039164999034256,-25.92574219454755,30.912929167818127,-25.770820216994224,34.70254111921151
3.5079324999824166,-25.901042398230942,30.906454991574197,-25.75536621362431,34.480352485847035
3.5119374999776483,-25.95894554349617,31.026206766189862,-25.817256555003375,34.49540841232522
3.513929499895312,-25.88246483745858,31.00618925186637,-25.741308191201416,34.4663160315053
3.515944499988109,-25.743156545054518,30.929502049003823,-25.600595067082285,34.43222460439332
3.5200064999517053,-25.733304494749696,30.92693781123802,-25.59343498847988,34.3665741565617
3.5239414998795837,-25.780458561272617,30.94509445654379,-25.640765383891708,34.37798949370534
3.525865999981761,-25.7291605575867,30.931764379266497,-25.587424029278584,34.41520630374447
3.5278934999369085,-25.665043554614954,30.944599165077996,-25.524519600318534,34.40004536709033
3.52989499992691,-25.72861813054888,30.961121106552316,-25.586458261239084,34.452259881777
3.5318969999207184,-25.72724487004521,30.873773581283093,-25.581723519509815,34.45112086646852
3.535959499888122,-25.806904004406245,30.89455894364209,-25.658178851873426,34.54355437130589
3.5400359998457134,-25.78040745444112,30.716936595399353,-25.625127659561443,34.53560473790891
3.54201849992387,-25.68837746930144,30.693005489556988,-25.532866394055805,34.52171114350513
3.543996499851346,-25.633311184785963,30.678764916581883,-25.487845037666013,34.27290080350317
3.546106999972835,-25.5716318874242,30.745230645761357,-25.429404479142526,34.25894551552616
3.5501034999033436,-25.59137663217611,30.75033258903485,-25.44899293878696,34.26683835480886
3.551956999930553,-25.521051756473764,30.782070136684286,-25.380663345416295,34.25060431919051
3.5559709998779,-25.682275300533554,30.971437275669498,-25.547419725739562,34.29038650231699
3.558028999948874,-25.56041433719457,30.939939031350853,-25.43120918708004,34.13002356030363
3.560010500019416,-25.61442201980383,30.850901425098883,-25.48118535025853,34.142025460743085
3.5639664998743683,-25.672167994510765,30.865778158361927,-25.537413084284932,34.190458167412416
3.5679964998271316,-25.699016098151073,30.851727049878843,-25.563421352783944,34.19672930859823
3.5699709998443723,-25.634095709250893,30.8350062751735,-25.499568897428624,34.15748870630926
3.571928999852389,-25.558246742787823,30.81557439292361,-25.419711114438545,34.23660889502174
3.5738879998680204,-25.669593468034392,30.76764305345399,-25.527966482137934,34.262838676568705
3.5779294999083504,-25.78157735863158,30.796378410069465,-25.646050918607727,34.14188640487374
3.5799599998863414,-25.85324941877067,30.84297499510241,-25.718720447042372,34.159619908133564
3.5839829999022186,-25.748092459653076,31.03641074226116,-25.622220648464513,34.13609407003722
3.585958999930881,-25.636576171433788,31.007699134164113,-25.50281476789462,34.29915946911576
3.5879529998637736,-25.61144226287654,31.001261431545316,-25.46936174254435,34.49037661201795
3.5899974999483675,-25.49163075596101,30.879915913185634,-25.34621273299259,34.46055756597426
3.5940289999125525,-25.6532606044495,30.921410853719177,-25.513959318278918,34.3500555883431
3.595901499968022,-25.74866987885326,30.790977237584002,-25.60326504201951,34.37165410132632
3.5999904999043792,-25.67565814708306,30.733392472031515,-25.5288554600676,34.35364714103516
3.601952499942854,-25.59008903642981,30.71142025773366,-25.44459020087669,34.3048617444697
3.6059784998651594,-25.605469229509378,30.715359081053528,-25.44603388478265,34.636764035079956
3.607940499903634,-25.630338270226655,30.7597757555237,-25.472327817595016,34.64312707490214
3.609934999840334,-25.60031492858161,30.884757653673248,-25.447462924464208,34.637109502361376
3.6120544999139383,-25.58132731847883,30.87988325590058,-25.432249037391244,34.544413228428425
3.6160974998492748,-25.761209193162134,30.943201773793795,-25.612532164677486,34.58828265385001
3.6179644998628646,-25.747695989837624,30.93972822878089,-25.601704322954554,34.522318020741615
3.6219389999751,-25.814719972692398,30.956991527231594,-25.674058645635153,34.41095608342605
3.6238894999260083,-25.877836570708734,30.701191750374985,-25.726579954832587,34.423843509962694
3.6278954999288544,-25.92996252972216,30.7015145553134,-25.778120644398328,34.43654403324729
3.630013999878429,-25.812270856715415,30.671345446636867,-25.65466051265702,34.54783860248832
3.631986999884248,-25.73501758169475,30.64289583744148,-25.577205039313526,34.52876949097189
3.6338599999435246,-25.85257080622752,30.67299536679657,-25.705326635303646,34.30392380544973
3.6379329999908805,-25.747806228495083,30.64615738882041,-25.58599398533097,34.62537274366878
3.6399530000053346,-25.801948655772154,30.343576386013897,-25.62791664632975,34.63568873600214
3.644055499928072,-25.983570159904215,30.50910788798404,-25.813738653535555,34.68183893341863
3.6461479999125004,-25.971597233352668,30.50605423719903,-25.80899001224153,34.510012408461705
3.6480624999385327,-25.912847496592047,30.29505068454747,-25.74285267108644,34.493534112358816
3.652058499865234,-25.827490662076265,30.273444348007082,-25.65980119295324,34.42216145107122
3.6540964999003336,-26.100636910923384,30.3375080258866,-25.932177694615245,34.49050336853722
3.658041499904357,-26.102869579512074,30.0939679914218,-25.92509132874441,34.4887064467062
3.659947499865666,-26.133235376924326,30.101636003545554,-25.96369276570555,34.30086229603418
